Sample in Buffer,Sample in Window,TRIGGER,output_final[0][15:0],output_final[1][15:0],output_final[2][15:0],output_final[3][15:0],output_final[4][15:0],output_final[5][15:0],output_final[6][15:0],output_final[7][15:0],output_final[8][15:0],output_final[9][15:0],weights[0][15:0],weights[869][15:0],biases[0][15:0],biases[26][15:0]
Radix - UNSIGNED,UNSIGNED,UNSIGNED,SIGNED,SIGNED,SIGNED,SIGNED,SIGNED,SIGNED,SIGNED,SIGNED,SIGNED,SIGNED,SIGNED,SIGNED,SIGNED,SIGNED
0,0,0,-2013,1436,-262,-163,-662,-985,-1395,-2,48,-314,-86,-65,60,183
1,1,0,-2013,1436,-262,-163,-662,-985,-1395,-2,48,-314,-86,-65,60,183
2,2,0,-2013,1436,-262,-163,-662,-985,-1395,-2,48,-314,-86,-65,60,183
3,3,0,-2013,1436,-262,-163,-662,-985,-1395,-2,48,-314,-86,-65,60,183
4,4,0,-2013,1436,-262,-163,-662,-985,-1395,-2,48,-314,-86,-65,60,183
5,5,0,-2013,1436,-262,-163,-662,-985,-1395,-2,48,-314,-86,-65,60,183
6,6,0,-2013,1436,-262,-163,-662,-985,-1395,-2,48,-314,-86,-65,60,183
7,7,0,-2013,1436,-262,-163,-662,-985,-1395,-2,48,-314,-86,-65,60,183
8,8,0,-2013,1436,-262,-163,-662,-985,-1395,-2,48,-314,-86,-65,60,183
9,9,0,-2013,1436,-262,-163,-662,-985,-1395,-2,48,-314,-86,-65,60,183
10,10,0,-2013,1436,-262,-163,-662,-985,-1395,-2,48,-314,-86,-65,60,183
11,11,0,-2013,1436,-262,-163,-662,-985,-1395,-2,48,-314,-86,-65,60,183
12,12,0,-2013,1436,-262,-163,-662,-985,-1395,-2,48,-314,-86,-65,60,183
13,13,0,-2013,1436,-262,-163,-662,-985,-1395,-2,48,-314,-86,-65,60,183
14,14,0,-2013,1436,-262,-163,-662,-985,-1395,-2,48,-314,-86,-65,60,183
15,15,0,-2013,1436,-262,-163,-662,-985,-1395,-2,48,-314,-86,-65,60,183
16,16,0,-2013,1436,-262,-163,-662,-985,-1395,-2,48,-314,-86,-65,60,183
17,17,0,-2013,1436,-262,-163,-662,-985,-1395,-2,48,-314,-86,-65,60,183
18,18,0,-2013,1436,-262,-163,-662,-985,-1395,-2,48,-314,-86,-65,60,183
19,19,0,-2013,1436,-262,-163,-662,-985,-1395,-2,48,-314,-86,-65,60,183
20,20,0,-2013,1436,-262,-163,-662,-985,-1395,-2,48,-314,-86,-65,60,183
21,21,0,-2013,1436,-262,-163,-662,-985,-1395,-2,48,-314,-86,-65,60,183
22,22,0,-2013,1436,-262,-163,-662,-985,-1395,-2,48,-314,-86,-65,60,183
23,23,0,-2013,1436,-262,-163,-662,-985,-1395,-2,48,-314,-86,-65,60,183
24,24,0,-2013,1436,-262,-163,-662,-985,-1395,-2,48,-314,-86,-65,60,183
25,25,0,-2013,1436,-262,-163,-662,-985,-1395,-2,48,-314,-86,-65,60,183
26,26,0,-2013,1436,-262,-163,-662,-985,-1395,-2,48,-314,-86,-65,60,183
27,27,0,-2013,1436,-262,-163,-662,-985,-1395,-2,48,-314,-86,-65,60,183
28,28,0,-2013,1436,-262,-163,-662,-985,-1395,-2,48,-314,-86,-65,60,183
29,29,0,-2013,1436,-262,-163,-662,-985,-1395,-2,48,-314,-86,-65,60,183
30,30,0,-2013,1436,-262,-163,-662,-985,-1395,-2,48,-314,-86,-65,60,183
31,31,0,-2013,1436,-262,-163,-662,-985,-1395,-2,48,-314,-86,-65,60,183
32,32,0,-2013,1436,-262,-163,-662,-985,-1395,-2,48,-314,-86,-65,60,183
33,33,0,-2013,1436,-262,-163,-662,-985,-1395,-2,48,-314,-86,-65,60,183
34,34,0,-2013,1436,-262,-163,-662,-985,-1395,-2,48,-314,-86,-65,60,183
35,35,0,-2013,1436,-262,-163,-662,-985,-1395,-2,48,-314,-86,-65,60,183
36,36,0,-2013,1436,-262,-163,-662,-985,-1395,-2,48,-314,-86,-65,60,183
37,37,0,-2013,1436,-262,-163,-662,-985,-1395,-2,48,-314,-86,-65,60,183
38,38,0,-2013,1436,-262,-163,-662,-985,-1395,-2,48,-314,-86,-65,60,183
39,39,0,-2013,1436,-262,-163,-662,-985,-1395,-2,48,-314,-86,-65,60,183
40,40,0,-2013,1436,-262,-163,-662,-985,-1395,-2,48,-314,-86,-65,60,183
41,41,0,-2013,1436,-262,-163,-662,-985,-1395,-2,48,-314,-86,-65,60,183
42,42,0,-2013,1436,-262,-163,-662,-985,-1395,-2,48,-314,-86,-65,60,183
43,43,0,-2013,1436,-262,-163,-662,-985,-1395,-2,48,-314,-86,-65,60,183
44,44,0,-2013,1436,-262,-163,-662,-985,-1395,-2,48,-314,-86,-65,60,183
45,45,0,-2013,1436,-262,-163,-662,-985,-1395,-2,48,-314,-86,-65,60,183
46,46,0,-2013,1436,-262,-163,-662,-985,-1395,-2,48,-314,-86,-65,60,183
47,47,0,-2013,1436,-262,-163,-662,-985,-1395,-2,48,-314,-86,-65,60,183
48,48,0,-2013,1436,-262,-163,-662,-985,-1395,-2,48,-314,-86,-65,60,183
49,49,0,-2013,1436,-262,-163,-662,-985,-1395,-2,48,-314,-86,-65,60,183
50,50,0,-2013,1436,-262,-163,-662,-985,-1395,-2,48,-314,-86,-65,60,183
51,51,0,-2013,1436,-262,-163,-662,-985,-1395,-2,48,-314,-86,-65,60,183
52,52,0,-2013,1436,-262,-163,-662,-985,-1395,-2,48,-314,-86,-65,60,183
53,53,0,-2013,1436,-262,-163,-662,-985,-1395,-2,48,-314,-86,-65,60,183
54,54,0,-2013,1436,-262,-163,-662,-985,-1395,-2,48,-314,-86,-65,60,183
55,55,0,-2013,1436,-262,-163,-662,-985,-1395,-2,48,-314,-86,-65,60,183
56,56,0,-2013,1436,-262,-163,-662,-985,-1395,-2,48,-314,-86,-65,60,183
57,57,0,-2013,1436,-262,-163,-662,-985,-1395,-2,48,-314,-86,-65,60,183
58,58,0,-2013,1436,-262,-163,-662,-985,-1395,-2,48,-314,-86,-65,60,183
59,59,0,-2013,1436,-262,-163,-662,-985,-1395,-2,48,-314,-86,-65,60,183
60,60,0,-2013,1436,-262,-163,-662,-985,-1395,-2,48,-314,-86,-65,60,183
61,61,0,-2013,1436,-262,-163,-662,-985,-1395,-2,48,-314,-86,-65,60,183
62,62,0,-2013,1436,-262,-163,-662,-985,-1395,-2,48,-314,-86,-65,60,183
63,63,0,-2013,1436,-262,-163,-662,-985,-1395,-2,48,-314,-86,-65,60,183
64,64,0,-2013,1436,-262,-163,-662,-985,-1395,-2,48,-314,-86,-65,60,183
65,65,0,-2013,1436,-262,-163,-662,-985,-1395,-2,48,-314,-86,-65,60,183
66,66,0,-2013,1436,-262,-163,-662,-985,-1395,-2,48,-314,-86,-65,60,183
67,67,0,-2013,1436,-262,-163,-662,-985,-1395,-2,48,-314,-86,-65,60,183
68,68,0,-2013,1436,-262,-163,-662,-985,-1395,-2,48,-314,-86,-65,60,183
69,69,0,-2013,1436,-262,-163,-662,-985,-1395,-2,48,-314,-86,-65,60,183
70,70,0,-2013,1436,-262,-163,-662,-985,-1395,-2,48,-314,-86,-65,60,183
71,71,0,-2013,1436,-262,-163,-662,-985,-1395,-2,48,-314,-86,-65,60,183
72,72,0,-2013,1436,-262,-163,-662,-985,-1395,-2,48,-314,-86,-65,60,183
73,73,0,-2013,1436,-262,-163,-662,-985,-1395,-2,48,-314,-86,-65,60,183
74,74,0,-2013,1436,-262,-163,-662,-985,-1395,-2,48,-314,-86,-65,60,183
75,75,0,-2013,1436,-262,-163,-662,-985,-1395,-2,48,-314,-86,-65,60,183
76,76,0,-2013,1436,-262,-163,-662,-985,-1395,-2,48,-314,-86,-65,60,183
77,77,0,-2013,1436,-262,-163,-662,-985,-1395,-2,48,-314,-86,-65,60,183
78,78,0,-2013,1436,-262,-163,-662,-985,-1395,-2,48,-314,-86,-65,60,183
79,79,0,-2013,1436,-262,-163,-662,-985,-1395,-2,48,-314,-86,-65,60,183
80,80,0,-2013,1436,-262,-163,-662,-985,-1395,-2,48,-314,-86,-65,60,183
81,81,0,-2013,1436,-262,-163,-662,-985,-1395,-2,48,-314,-86,-65,60,183
82,82,0,-2013,1436,-262,-163,-662,-985,-1395,-2,48,-314,-86,-65,60,183
83,83,0,-2013,1436,-262,-163,-662,-985,-1395,-2,48,-314,-86,-65,60,183
84,84,0,-2013,1436,-262,-163,-662,-985,-1395,-2,48,-314,-86,-65,60,183
85,85,0,-2013,1436,-262,-163,-662,-985,-1395,-2,48,-314,-86,-65,60,183
86,86,0,-2013,1436,-262,-163,-662,-985,-1395,-2,48,-314,-86,-65,60,183
87,87,0,-2013,1436,-262,-163,-662,-985,-1395,-2,48,-314,-86,-65,60,183
88,88,0,-2013,1436,-262,-163,-662,-985,-1395,-2,48,-314,-86,-65,60,183
89,89,0,-2013,1436,-262,-163,-662,-985,-1395,-2,48,-314,-86,-65,60,183
90,90,0,-2013,1436,-262,-163,-662,-985,-1395,-2,48,-314,-86,-65,60,183
91,91,0,-2013,1436,-262,-163,-662,-985,-1395,-2,48,-314,-86,-65,60,183
92,92,0,-2013,1436,-262,-163,-662,-985,-1395,-2,48,-314,-86,-65,60,183
93,93,0,-2013,1436,-262,-163,-662,-985,-1395,-2,48,-314,-86,-65,60,183
94,94,0,-2013,1436,-262,-163,-662,-985,-1395,-2,48,-314,-86,-65,60,183
95,95,0,-2013,1436,-262,-163,-662,-985,-1395,-2,48,-314,-86,-65,60,183
96,96,0,-2013,1436,-262,-163,-662,-985,-1395,-2,48,-314,-86,-65,60,183
97,97,0,-2013,1436,-262,-163,-662,-985,-1395,-2,48,-314,-86,-65,60,183
98,98,0,-2013,1436,-262,-163,-662,-985,-1395,-2,48,-314,-86,-65,60,183
99,99,0,-2013,1436,-262,-163,-662,-985,-1395,-2,48,-314,-86,-65,60,183
100,100,0,-2013,1436,-262,-163,-662,-985,-1395,-2,48,-314,-86,-65,60,183
101,101,0,-2013,1436,-262,-163,-662,-985,-1395,-2,48,-314,-86,-65,60,183
102,102,0,-2013,1436,-262,-163,-662,-985,-1395,-2,48,-314,-86,-65,60,183
103,103,0,-2013,1436,-262,-163,-662,-985,-1395,-2,48,-314,-86,-65,60,183
104,104,0,-2013,1436,-262,-163,-662,-985,-1395,-2,48,-314,-86,-65,60,183
105,105,0,-2013,1436,-262,-163,-662,-985,-1395,-2,48,-314,-86,-65,60,183
106,106,0,-2013,1436,-262,-163,-662,-985,-1395,-2,48,-314,-86,-65,60,183
107,107,0,-2013,1436,-262,-163,-662,-985,-1395,-2,48,-314,-86,-65,60,183
108,108,0,-2013,1436,-262,-163,-662,-985,-1395,-2,48,-314,-86,-65,60,183
109,109,0,-2013,1436,-262,-163,-662,-985,-1395,-2,48,-314,-86,-65,60,183
110,110,0,-2013,1436,-262,-163,-662,-985,-1395,-2,48,-314,-86,-65,60,183
111,111,0,-2013,1436,-262,-163,-662,-985,-1395,-2,48,-314,-86,-65,60,183
112,112,0,-2013,1436,-262,-163,-662,-985,-1395,-2,48,-314,-86,-65,60,183
113,113,0,-2013,1436,-262,-163,-662,-985,-1395,-2,48,-314,-86,-65,60,183
114,114,0,-2013,1436,-262,-163,-662,-985,-1395,-2,48,-314,-86,-65,60,183
115,115,0,-2013,1436,-262,-163,-662,-985,-1395,-2,48,-314,-86,-65,60,183
116,116,0,-2013,1436,-262,-163,-662,-985,-1395,-2,48,-314,-86,-65,60,183
117,117,0,-2013,1436,-262,-163,-662,-985,-1395,-2,48,-314,-86,-65,60,183
118,118,0,-2013,1436,-262,-163,-662,-985,-1395,-2,48,-314,-86,-65,60,183
119,119,0,-2013,1436,-262,-163,-662,-985,-1395,-2,48,-314,-86,-65,60,183
120,120,0,-2013,1436,-262,-163,-662,-985,-1395,-2,48,-314,-86,-65,60,183
121,121,0,-2013,1436,-262,-163,-662,-985,-1395,-2,48,-314,-86,-65,60,183
122,122,0,-2013,1436,-262,-163,-662,-985,-1395,-2,48,-314,-86,-65,60,183
123,123,0,-2013,1436,-262,-163,-662,-985,-1395,-2,48,-314,-86,-65,60,183
124,124,0,-2013,1436,-262,-163,-662,-985,-1395,-2,48,-314,-86,-65,60,183
125,125,0,-2013,1436,-262,-163,-662,-985,-1395,-2,48,-314,-86,-65,60,183
126,126,0,-2013,1436,-262,-163,-662,-985,-1395,-2,48,-314,-86,-65,60,183
127,127,0,-2013,1436,-262,-163,-662,-985,-1395,-2,48,-314,-86,-65,60,183
128,128,0,-2013,1436,-262,-163,-662,-985,-1395,-2,48,-314,-86,-65,60,183
129,129,0,-2013,1436,-262,-163,-662,-985,-1395,-2,48,-314,-86,-65,60,183
130,130,0,-2013,1436,-262,-163,-662,-985,-1395,-2,48,-314,-86,-65,60,183
131,131,0,-2013,1436,-262,-163,-662,-985,-1395,-2,48,-314,-86,-65,60,183
132,132,0,-2013,1436,-262,-163,-662,-985,-1395,-2,48,-314,-86,-65,60,183
133,133,0,-2013,1436,-262,-163,-662,-985,-1395,-2,48,-314,-86,-65,60,183
134,134,0,-2013,1436,-262,-163,-662,-985,-1395,-2,48,-314,-86,-65,60,183
135,135,0,-2013,1436,-262,-163,-662,-985,-1395,-2,48,-314,-86,-65,60,183
136,136,0,-2013,1436,-262,-163,-662,-985,-1395,-2,48,-314,-86,-65,60,183
137,137,0,-2013,1436,-262,-163,-662,-985,-1395,-2,48,-314,-86,-65,60,183
138,138,0,-2013,1436,-262,-163,-662,-985,-1395,-2,48,-314,-86,-65,60,183
139,139,0,-2013,1436,-262,-163,-662,-985,-1395,-2,48,-314,-86,-65,60,183
140,140,0,-2013,1436,-262,-163,-662,-985,-1395,-2,48,-314,-86,-65,60,183
141,141,0,-2013,1436,-262,-163,-662,-985,-1395,-2,48,-314,-86,-65,60,183
142,142,0,-2013,1436,-262,-163,-662,-985,-1395,-2,48,-314,-86,-65,60,183
143,143,0,-2013,1436,-262,-163,-662,-985,-1395,-2,48,-314,-86,-65,60,183
144,144,0,-2013,1436,-262,-163,-662,-985,-1395,-2,48,-314,-86,-65,60,183
145,145,0,-2013,1436,-262,-163,-662,-985,-1395,-2,48,-314,-86,-65,60,183
146,146,0,-2013,1436,-262,-163,-662,-985,-1395,-2,48,-314,-86,-65,60,183
147,147,0,-2013,1436,-262,-163,-662,-985,-1395,-2,48,-314,-86,-65,60,183
148,148,0,-2013,1436,-262,-163,-662,-985,-1395,-2,48,-314,-86,-65,60,183
149,149,0,-2013,1436,-262,-163,-662,-985,-1395,-2,48,-314,-86,-65,60,183
150,150,0,-2013,1436,-262,-163,-662,-985,-1395,-2,48,-314,-86,-65,60,183
151,151,0,-2013,1436,-262,-163,-662,-985,-1395,-2,48,-314,-86,-65,60,183
152,152,0,-2013,1436,-262,-163,-662,-985,-1395,-2,48,-314,-86,-65,60,183
153,153,0,-2013,1436,-262,-163,-662,-985,-1395,-2,48,-314,-86,-65,60,183
154,154,0,-2013,1436,-262,-163,-662,-985,-1395,-2,48,-314,-86,-65,60,183
155,155,0,-2013,1436,-262,-163,-662,-985,-1395,-2,48,-314,-86,-65,60,183
156,156,0,-2013,1436,-262,-163,-662,-985,-1395,-2,48,-314,-86,-65,60,183
157,157,0,-2013,1436,-262,-163,-662,-985,-1395,-2,48,-314,-86,-65,60,183
158,158,0,-2013,1436,-262,-163,-662,-985,-1395,-2,48,-314,-86,-65,60,183
159,159,0,-2013,1436,-262,-163,-662,-985,-1395,-2,48,-314,-86,-65,60,183
160,160,0,-2013,1436,-262,-163,-662,-985,-1395,-2,48,-314,-86,-65,60,183
161,161,0,-2013,1436,-262,-163,-662,-985,-1395,-2,48,-314,-86,-65,60,183
162,162,0,-2013,1436,-262,-163,-662,-985,-1395,-2,48,-314,-86,-65,60,183
163,163,0,-2013,1436,-262,-163,-662,-985,-1395,-2,48,-314,-86,-65,60,183
164,164,0,-2013,1436,-262,-163,-662,-985,-1395,-2,48,-314,-86,-65,60,183
165,165,0,-2013,1436,-262,-163,-662,-985,-1395,-2,48,-314,-86,-65,60,183
166,166,0,-2013,1436,-262,-163,-662,-985,-1395,-2,48,-314,-86,-65,60,183
167,167,0,-2013,1436,-262,-163,-662,-985,-1395,-2,48,-314,-86,-65,60,183
168,168,0,-2013,1436,-262,-163,-662,-985,-1395,-2,48,-314,-86,-65,60,183
169,169,0,-2013,1436,-262,-163,-662,-985,-1395,-2,48,-314,-86,-65,60,183
170,170,0,-2013,1436,-262,-163,-662,-985,-1395,-2,48,-314,-86,-65,60,183
171,171,0,-2013,1436,-262,-163,-662,-985,-1395,-2,48,-314,-86,-65,60,183
172,172,0,-2013,1436,-262,-163,-662,-985,-1395,-2,48,-314,-86,-65,60,183
173,173,0,-2013,1436,-262,-163,-662,-985,-1395,-2,48,-314,-86,-65,60,183
174,174,0,-2013,1436,-262,-163,-662,-985,-1395,-2,48,-314,-86,-65,60,183
175,175,0,-2013,1436,-262,-163,-662,-985,-1395,-2,48,-314,-86,-65,60,183
176,176,0,-2013,1436,-262,-163,-662,-985,-1395,-2,48,-314,-86,-65,60,183
177,177,0,-2013,1436,-262,-163,-662,-985,-1395,-2,48,-314,-86,-65,60,183
178,178,0,-2013,1436,-262,-163,-662,-985,-1395,-2,48,-314,-86,-65,60,183
179,179,0,-2013,1436,-262,-163,-662,-985,-1395,-2,48,-314,-86,-65,60,183
180,180,0,-2013,1436,-262,-163,-662,-985,-1395,-2,48,-314,-86,-65,60,183
181,181,0,-2013,1436,-262,-163,-662,-985,-1395,-2,48,-314,-86,-65,60,183
182,182,0,-2013,1436,-262,-163,-662,-985,-1395,-2,48,-314,-86,-65,60,183
183,183,0,-2013,1436,-262,-163,-662,-985,-1395,-2,48,-314,-86,-65,60,183
184,184,0,-2013,1436,-262,-163,-662,-985,-1395,-2,48,-314,-86,-65,60,183
185,185,0,-2013,1436,-262,-163,-662,-985,-1395,-2,48,-314,-86,-65,60,183
186,186,0,-2013,1436,-262,-163,-662,-985,-1395,-2,48,-314,-86,-65,60,183
187,187,0,-2013,1436,-262,-163,-662,-985,-1395,-2,48,-314,-86,-65,60,183
188,188,0,-2013,1436,-262,-163,-662,-985,-1395,-2,48,-314,-86,-65,60,183
189,189,0,-2013,1436,-262,-163,-662,-985,-1395,-2,48,-314,-86,-65,60,183
190,190,0,-2013,1436,-262,-163,-662,-985,-1395,-2,48,-314,-86,-65,60,183
191,191,0,-2013,1436,-262,-163,-662,-985,-1395,-2,48,-314,-86,-65,60,183
192,192,0,-2013,1436,-262,-163,-662,-985,-1395,-2,48,-314,-86,-65,60,183
193,193,0,-2013,1436,-262,-163,-662,-985,-1395,-2,48,-314,-86,-65,60,183
194,194,0,-2013,1436,-262,-163,-662,-985,-1395,-2,48,-314,-86,-65,60,183
195,195,0,-2013,1436,-262,-163,-662,-985,-1395,-2,48,-314,-86,-65,60,183
196,196,0,-2013,1436,-262,-163,-662,-985,-1395,-2,48,-314,-86,-65,60,183
197,197,0,-2013,1436,-262,-163,-662,-985,-1395,-2,48,-314,-86,-65,60,183
198,198,0,-2013,1436,-262,-163,-662,-985,-1395,-2,48,-314,-86,-65,60,183
199,199,0,-2013,1436,-262,-163,-662,-985,-1395,-2,48,-314,-86,-65,60,183
200,200,0,-2013,1436,-262,-163,-662,-985,-1395,-2,48,-314,-86,-65,60,183
201,201,0,-2013,1436,-262,-163,-662,-985,-1395,-2,48,-314,-86,-65,60,183
202,202,0,-2013,1436,-262,-163,-662,-985,-1395,-2,48,-314,-86,-65,60,183
203,203,0,-2013,1436,-262,-163,-662,-985,-1395,-2,48,-314,-86,-65,60,183
204,204,0,-2013,1436,-262,-163,-662,-985,-1395,-2,48,-314,-86,-65,60,183
205,205,0,-2013,1436,-262,-163,-662,-985,-1395,-2,48,-314,-86,-65,60,183
206,206,0,-2013,1436,-262,-163,-662,-985,-1395,-2,48,-314,-86,-65,60,183
207,207,0,-2013,1436,-262,-163,-662,-985,-1395,-2,48,-314,-86,-65,60,183
208,208,0,-2013,1436,-262,-163,-662,-985,-1395,-2,48,-314,-86,-65,60,183
209,209,0,-2013,1436,-262,-163,-662,-985,-1395,-2,48,-314,-86,-65,60,183
210,210,0,-2013,1436,-262,-163,-662,-985,-1395,-2,48,-314,-86,-65,60,183
211,211,0,-2013,1436,-262,-163,-662,-985,-1395,-2,48,-314,-86,-65,60,183
212,212,0,-2013,1436,-262,-163,-662,-985,-1395,-2,48,-314,-86,-65,60,183
213,213,0,-2013,1436,-262,-163,-662,-985,-1395,-2,48,-314,-86,-65,60,183
214,214,0,-2013,1436,-262,-163,-662,-985,-1395,-2,48,-314,-86,-65,60,183
215,215,0,-2013,1436,-262,-163,-662,-985,-1395,-2,48,-314,-86,-65,60,183
216,216,0,-2013,1436,-262,-163,-662,-985,-1395,-2,48,-314,-86,-65,60,183
217,217,0,-2013,1436,-262,-163,-662,-985,-1395,-2,48,-314,-86,-65,60,183
218,218,0,-2013,1436,-262,-163,-662,-985,-1395,-2,48,-314,-86,-65,60,183
219,219,0,-2013,1436,-262,-163,-662,-985,-1395,-2,48,-314,-86,-65,60,183
220,220,0,-2013,1436,-262,-163,-662,-985,-1395,-2,48,-314,-86,-65,60,183
221,221,0,-2013,1436,-262,-163,-662,-985,-1395,-2,48,-314,-86,-65,60,183
222,222,0,-2013,1436,-262,-163,-662,-985,-1395,-2,48,-314,-86,-65,60,183
223,223,0,-2013,1436,-262,-163,-662,-985,-1395,-2,48,-314,-86,-65,60,183
224,224,0,-2013,1436,-262,-163,-662,-985,-1395,-2,48,-314,-86,-65,60,183
225,225,0,-2013,1436,-262,-163,-662,-985,-1395,-2,48,-314,-86,-65,60,183
226,226,0,-2013,1436,-262,-163,-662,-985,-1395,-2,48,-314,-86,-65,60,183
227,227,0,-2013,1436,-262,-163,-662,-985,-1395,-2,48,-314,-86,-65,60,183
228,228,0,-2013,1436,-262,-163,-662,-985,-1395,-2,48,-314,-86,-65,60,183
229,229,0,-2013,1436,-262,-163,-662,-985,-1395,-2,48,-314,-86,-65,60,183
230,230,0,-2013,1436,-262,-163,-662,-985,-1395,-2,48,-314,-86,-65,60,183
231,231,0,-2013,1436,-262,-163,-662,-985,-1395,-2,48,-314,-86,-65,60,183
232,232,0,-2013,1436,-262,-163,-662,-985,-1395,-2,48,-314,-86,-65,60,183
233,233,0,-2013,1436,-262,-163,-662,-985,-1395,-2,48,-314,-86,-65,60,183
234,234,0,-2013,1436,-262,-163,-662,-985,-1395,-2,48,-314,-86,-65,60,183
235,235,0,-2013,1436,-262,-163,-662,-985,-1395,-2,48,-314,-86,-65,60,183
236,236,0,-2013,1436,-262,-163,-662,-985,-1395,-2,48,-314,-86,-65,60,183
237,237,0,-2013,1436,-262,-163,-662,-985,-1395,-2,48,-314,-86,-65,60,183
238,238,0,-2013,1436,-262,-163,-662,-985,-1395,-2,48,-314,-86,-65,60,183
239,239,0,-2013,1436,-262,-163,-662,-985,-1395,-2,48,-314,-86,-65,60,183
240,240,0,-2013,1436,-262,-163,-662,-985,-1395,-2,48,-314,-86,-65,60,183
241,241,0,-2013,1436,-262,-163,-662,-985,-1395,-2,48,-314,-86,-65,60,183
242,242,0,-2013,1436,-262,-163,-662,-985,-1395,-2,48,-314,-86,-65,60,183
243,243,0,-2013,1436,-262,-163,-662,-985,-1395,-2,48,-314,-86,-65,60,183
244,244,0,-2013,1436,-262,-163,-662,-985,-1395,-2,48,-314,-86,-65,60,183
245,245,0,-2013,1436,-262,-163,-662,-985,-1395,-2,48,-314,-86,-65,60,183
246,246,0,-2013,1436,-262,-163,-662,-985,-1395,-2,48,-314,-86,-65,60,183
247,247,0,-2013,1436,-262,-163,-662,-985,-1395,-2,48,-314,-86,-65,60,183
248,248,0,-2013,1436,-262,-163,-662,-985,-1395,-2,48,-314,-86,-65,60,183
249,249,0,-2013,1436,-262,-163,-662,-985,-1395,-2,48,-314,-86,-65,60,183
250,250,0,-2013,1436,-262,-163,-662,-985,-1395,-2,48,-314,-86,-65,60,183
251,251,0,-2013,1436,-262,-163,-662,-985,-1395,-2,48,-314,-86,-65,60,183
252,252,0,-2013,1436,-262,-163,-662,-985,-1395,-2,48,-314,-86,-65,60,183
253,253,0,-2013,1436,-262,-163,-662,-985,-1395,-2,48,-314,-86,-65,60,183
254,254,0,-2013,1436,-262,-163,-662,-985,-1395,-2,48,-314,-86,-65,60,183
255,255,0,-2013,1436,-262,-163,-662,-985,-1395,-2,48,-314,-86,-65,60,183
256,256,0,-2013,1436,-262,-163,-662,-985,-1395,-2,48,-314,-86,-65,60,183
257,257,0,-2013,1436,-262,-163,-662,-985,-1395,-2,48,-314,-86,-65,60,183
258,258,0,-2013,1436,-262,-163,-662,-985,-1395,-2,48,-314,-86,-65,60,183
259,259,0,-2013,1436,-262,-163,-662,-985,-1395,-2,48,-314,-86,-65,60,183
260,260,0,-2013,1436,-262,-163,-662,-985,-1395,-2,48,-314,-86,-65,60,183
261,261,0,-2013,1436,-262,-163,-662,-985,-1395,-2,48,-314,-86,-65,60,183
262,262,0,-2013,1436,-262,-163,-662,-985,-1395,-2,48,-314,-86,-65,60,183
263,263,0,-2013,1436,-262,-163,-662,-985,-1395,-2,48,-314,-86,-65,60,183
264,264,0,-2013,1436,-262,-163,-662,-985,-1395,-2,48,-314,-86,-65,60,183
265,265,0,-2013,1436,-262,-163,-662,-985,-1395,-2,48,-314,-86,-65,60,183
266,266,0,-2013,1436,-262,-163,-662,-985,-1395,-2,48,-314,-86,-65,60,183
267,267,0,-2013,1436,-262,-163,-662,-985,-1395,-2,48,-314,-86,-65,60,183
268,268,0,-2013,1436,-262,-163,-662,-985,-1395,-2,48,-314,-86,-65,60,183
269,269,0,-2013,1436,-262,-163,-662,-985,-1395,-2,48,-314,-86,-65,60,183
270,270,0,-2013,1436,-262,-163,-662,-985,-1395,-2,48,-314,-86,-65,60,183
271,271,0,-2013,1436,-262,-163,-662,-985,-1395,-2,48,-314,-86,-65,60,183
272,272,0,-2013,1436,-262,-163,-662,-985,-1395,-2,48,-314,-86,-65,60,183
273,273,0,-2013,1436,-262,-163,-662,-985,-1395,-2,48,-314,-86,-65,60,183
274,274,0,-2013,1436,-262,-163,-662,-985,-1395,-2,48,-314,-86,-65,60,183
275,275,0,-2013,1436,-262,-163,-662,-985,-1395,-2,48,-314,-86,-65,60,183
276,276,0,-2013,1436,-262,-163,-662,-985,-1395,-2,48,-314,-86,-65,60,183
277,277,0,-2013,1436,-262,-163,-662,-985,-1395,-2,48,-314,-86,-65,60,183
278,278,0,-2013,1436,-262,-163,-662,-985,-1395,-2,48,-314,-86,-65,60,183
279,279,0,-2013,1436,-262,-163,-662,-985,-1395,-2,48,-314,-86,-65,60,183
280,280,0,-2013,1436,-262,-163,-662,-985,-1395,-2,48,-314,-86,-65,60,183
281,281,0,-2013,1436,-262,-163,-662,-985,-1395,-2,48,-314,-86,-65,60,183
282,282,0,-2013,1436,-262,-163,-662,-985,-1395,-2,48,-314,-86,-65,60,183
283,283,0,-2013,1436,-262,-163,-662,-985,-1395,-2,48,-314,-86,-65,60,183
284,284,0,-2013,1436,-262,-163,-662,-985,-1395,-2,48,-314,-86,-65,60,183
285,285,0,-2013,1436,-262,-163,-662,-985,-1395,-2,48,-314,-86,-65,60,183
286,286,0,-2013,1436,-262,-163,-662,-985,-1395,-2,48,-314,-86,-65,60,183
287,287,0,-2013,1436,-262,-163,-662,-985,-1395,-2,48,-314,-86,-65,60,183
288,288,0,-2013,1436,-262,-163,-662,-985,-1395,-2,48,-314,-86,-65,60,183
289,289,0,-2013,1436,-262,-163,-662,-985,-1395,-2,48,-314,-86,-65,60,183
290,290,0,-2013,1436,-262,-163,-662,-985,-1395,-2,48,-314,-86,-65,60,183
291,291,0,-2013,1436,-262,-163,-662,-985,-1395,-2,48,-314,-86,-65,60,183
292,292,0,-2013,1436,-262,-163,-662,-985,-1395,-2,48,-314,-86,-65,60,183
293,293,0,-2013,1436,-262,-163,-662,-985,-1395,-2,48,-314,-86,-65,60,183
294,294,0,-2013,1436,-262,-163,-662,-985,-1395,-2,48,-314,-86,-65,60,183
295,295,0,-2013,1436,-262,-163,-662,-985,-1395,-2,48,-314,-86,-65,60,183
296,296,0,-2013,1436,-262,-163,-662,-985,-1395,-2,48,-314,-86,-65,60,183
297,297,0,-2013,1436,-262,-163,-662,-985,-1395,-2,48,-314,-86,-65,60,183
298,298,0,-2013,1436,-262,-163,-662,-985,-1395,-2,48,-314,-86,-65,60,183
299,299,0,-2013,1436,-262,-163,-662,-985,-1395,-2,48,-314,-86,-65,60,183
300,300,0,-2013,1436,-262,-163,-662,-985,-1395,-2,48,-314,-86,-65,60,183
301,301,0,-2013,1436,-262,-163,-662,-985,-1395,-2,48,-314,-86,-65,60,183
302,302,0,-2013,1436,-262,-163,-662,-985,-1395,-2,48,-314,-86,-65,60,183
303,303,0,-2013,1436,-262,-163,-662,-985,-1395,-2,48,-314,-86,-65,60,183
304,304,0,-2013,1436,-262,-163,-662,-985,-1395,-2,48,-314,-86,-65,60,183
305,305,0,-2013,1436,-262,-163,-662,-985,-1395,-2,48,-314,-86,-65,60,183
306,306,0,-2013,1436,-262,-163,-662,-985,-1395,-2,48,-314,-86,-65,60,183
307,307,0,-2013,1436,-262,-163,-662,-985,-1395,-2,48,-314,-86,-65,60,183
308,308,0,-2013,1436,-262,-163,-662,-985,-1395,-2,48,-314,-86,-65,60,183
309,309,0,-2013,1436,-262,-163,-662,-985,-1395,-2,48,-314,-86,-65,60,183
310,310,0,-2013,1436,-262,-163,-662,-985,-1395,-2,48,-314,-86,-65,60,183
311,311,0,-2013,1436,-262,-163,-662,-985,-1395,-2,48,-314,-86,-65,60,183
312,312,0,-2013,1436,-262,-163,-662,-985,-1395,-2,48,-314,-86,-65,60,183
313,313,0,-2013,1436,-262,-163,-662,-985,-1395,-2,48,-314,-86,-65,60,183
314,314,0,-2013,1436,-262,-163,-662,-985,-1395,-2,48,-314,-86,-65,60,183
315,315,0,-2013,1436,-262,-163,-662,-985,-1395,-2,48,-314,-86,-65,60,183
316,316,0,-2013,1436,-262,-163,-662,-985,-1395,-2,48,-314,-86,-65,60,183
317,317,0,-2013,1436,-262,-163,-662,-985,-1395,-2,48,-314,-86,-65,60,183
318,318,0,-2013,1436,-262,-163,-662,-985,-1395,-2,48,-314,-86,-65,60,183
319,319,0,-2013,1436,-262,-163,-662,-985,-1395,-2,48,-314,-86,-65,60,183
320,320,0,-2013,1436,-262,-163,-662,-985,-1395,-2,48,-314,-86,-65,60,183
321,321,0,-2013,1436,-262,-163,-662,-985,-1395,-2,48,-314,-86,-65,60,183
322,322,0,-2013,1436,-262,-163,-662,-985,-1395,-2,48,-314,-86,-65,60,183
323,323,0,-2013,1436,-262,-163,-662,-985,-1395,-2,48,-314,-86,-65,60,183
324,324,0,-2013,1436,-262,-163,-662,-985,-1395,-2,48,-314,-86,-65,60,183
325,325,0,-2013,1436,-262,-163,-662,-985,-1395,-2,48,-314,-86,-65,60,183
326,326,0,-2013,1436,-262,-163,-662,-985,-1395,-2,48,-314,-86,-65,60,183
327,327,0,-2013,1436,-262,-163,-662,-985,-1395,-2,48,-314,-86,-65,60,183
328,328,0,-2013,1436,-262,-163,-662,-985,-1395,-2,48,-314,-86,-65,60,183
329,329,0,-2013,1436,-262,-163,-662,-985,-1395,-2,48,-314,-86,-65,60,183
330,330,0,-2013,1436,-262,-163,-662,-985,-1395,-2,48,-314,-86,-65,60,183
331,331,0,-2013,1436,-262,-163,-662,-985,-1395,-2,48,-314,-86,-65,60,183
332,332,0,-2013,1436,-262,-163,-662,-985,-1395,-2,48,-314,-86,-65,60,183
333,333,0,-2013,1436,-262,-163,-662,-985,-1395,-2,48,-314,-86,-65,60,183
334,334,0,-2013,1436,-262,-163,-662,-985,-1395,-2,48,-314,-86,-65,60,183
335,335,0,-2013,1436,-262,-163,-662,-985,-1395,-2,48,-314,-86,-65,60,183
336,336,0,-2013,1436,-262,-163,-662,-985,-1395,-2,48,-314,-86,-65,60,183
337,337,0,-2013,1436,-262,-163,-662,-985,-1395,-2,48,-314,-86,-65,60,183
338,338,0,-2013,1436,-262,-163,-662,-985,-1395,-2,48,-314,-86,-65,60,183
339,339,0,-2013,1436,-262,-163,-662,-985,-1395,-2,48,-314,-86,-65,60,183
340,340,0,-2013,1436,-262,-163,-662,-985,-1395,-2,48,-314,-86,-65,60,183
341,341,0,-2013,1436,-262,-163,-662,-985,-1395,-2,48,-314,-86,-65,60,183
342,342,0,-2013,1436,-262,-163,-662,-985,-1395,-2,48,-314,-86,-65,60,183
343,343,0,-2013,1436,-262,-163,-662,-985,-1395,-2,48,-314,-86,-65,60,183
344,344,0,-2013,1436,-262,-163,-662,-985,-1395,-2,48,-314,-86,-65,60,183
345,345,0,-2013,1436,-262,-163,-662,-985,-1395,-2,48,-314,-86,-65,60,183
346,346,0,-2013,1436,-262,-163,-662,-985,-1395,-2,48,-314,-86,-65,60,183
347,347,0,-2013,1436,-262,-163,-662,-985,-1395,-2,48,-314,-86,-65,60,183
348,348,0,-2013,1436,-262,-163,-662,-985,-1395,-2,48,-314,-86,-65,60,183
349,349,0,-2013,1436,-262,-163,-662,-985,-1395,-2,48,-314,-86,-65,60,183
350,350,0,-2013,1436,-262,-163,-662,-985,-1395,-2,48,-314,-86,-65,60,183
351,351,0,-2013,1436,-262,-163,-662,-985,-1395,-2,48,-314,-86,-65,60,183
352,352,0,-2013,1436,-262,-163,-662,-985,-1395,-2,48,-314,-86,-65,60,183
353,353,0,-2013,1436,-262,-163,-662,-985,-1395,-2,48,-314,-86,-65,60,183
354,354,0,-2013,1436,-262,-163,-662,-985,-1395,-2,48,-314,-86,-65,60,183
355,355,0,-2013,1436,-262,-163,-662,-985,-1395,-2,48,-314,-86,-65,60,183
356,356,0,-2013,1436,-262,-163,-662,-985,-1395,-2,48,-314,-86,-65,60,183
357,357,0,-2013,1436,-262,-163,-662,-985,-1395,-2,48,-314,-86,-65,60,183
358,358,0,-2013,1436,-262,-163,-662,-985,-1395,-2,48,-314,-86,-65,60,183
359,359,0,-2013,1436,-262,-163,-662,-985,-1395,-2,48,-314,-86,-65,60,183
360,360,0,-2013,1436,-262,-163,-662,-985,-1395,-2,48,-314,-86,-65,60,183
361,361,0,-2013,1436,-262,-163,-662,-985,-1395,-2,48,-314,-86,-65,60,183
362,362,0,-2013,1436,-262,-163,-662,-985,-1395,-2,48,-314,-86,-65,60,183
363,363,0,-2013,1436,-262,-163,-662,-985,-1395,-2,48,-314,-86,-65,60,183
364,364,0,-2013,1436,-262,-163,-662,-985,-1395,-2,48,-314,-86,-65,60,183
365,365,0,-2013,1436,-262,-163,-662,-985,-1395,-2,48,-314,-86,-65,60,183
366,366,0,-2013,1436,-262,-163,-662,-985,-1395,-2,48,-314,-86,-65,60,183
367,367,0,-2013,1436,-262,-163,-662,-985,-1395,-2,48,-314,-86,-65,60,183
368,368,0,-2013,1436,-262,-163,-662,-985,-1395,-2,48,-314,-86,-65,60,183
369,369,0,-2013,1436,-262,-163,-662,-985,-1395,-2,48,-314,-86,-65,60,183
370,370,0,-2013,1436,-262,-163,-662,-985,-1395,-2,48,-314,-86,-65,60,183
371,371,0,-2013,1436,-262,-163,-662,-985,-1395,-2,48,-314,-86,-65,60,183
372,372,0,-2013,1436,-262,-163,-662,-985,-1395,-2,48,-314,-86,-65,60,183
373,373,0,-2013,1436,-262,-163,-662,-985,-1395,-2,48,-314,-86,-65,60,183
374,374,0,-2013,1436,-262,-163,-662,-985,-1395,-2,48,-314,-86,-65,60,183
375,375,0,-2013,1436,-262,-163,-662,-985,-1395,-2,48,-314,-86,-65,60,183
376,376,0,-2013,1436,-262,-163,-662,-985,-1395,-2,48,-314,-86,-65,60,183
377,377,0,-2013,1436,-262,-163,-662,-985,-1395,-2,48,-314,-86,-65,60,183
378,378,0,-2013,1436,-262,-163,-662,-985,-1395,-2,48,-314,-86,-65,60,183
379,379,0,-2013,1436,-262,-163,-662,-985,-1395,-2,48,-314,-86,-65,60,183
380,380,0,-2013,1436,-262,-163,-662,-985,-1395,-2,48,-314,-86,-65,60,183
381,381,0,-2013,1436,-262,-163,-662,-985,-1395,-2,48,-314,-86,-65,60,183
382,382,0,-2013,1436,-262,-163,-662,-985,-1395,-2,48,-314,-86,-65,60,183
383,383,0,-2013,1436,-262,-163,-662,-985,-1395,-2,48,-314,-86,-65,60,183
384,384,0,-2013,1436,-262,-163,-662,-985,-1395,-2,48,-314,-86,-65,60,183
385,385,0,-2013,1436,-262,-163,-662,-985,-1395,-2,48,-314,-86,-65,60,183
386,386,0,-2013,1436,-262,-163,-662,-985,-1395,-2,48,-314,-86,-65,60,183
387,387,0,-2013,1436,-262,-163,-662,-985,-1395,-2,48,-314,-86,-65,60,183
388,388,0,-2013,1436,-262,-163,-662,-985,-1395,-2,48,-314,-86,-65,60,183
389,389,0,-2013,1436,-262,-163,-662,-985,-1395,-2,48,-314,-86,-65,60,183
390,390,0,-2013,1436,-262,-163,-662,-985,-1395,-2,48,-314,-86,-65,60,183
391,391,0,-2013,1436,-262,-163,-662,-985,-1395,-2,48,-314,-86,-65,60,183
392,392,0,-2013,1436,-262,-163,-662,-985,-1395,-2,48,-314,-86,-65,60,183
393,393,0,-2013,1436,-262,-163,-662,-985,-1395,-2,48,-314,-86,-65,60,183
394,394,0,-2013,1436,-262,-163,-662,-985,-1395,-2,48,-314,-86,-65,60,183
395,395,0,-2013,1436,-262,-163,-662,-985,-1395,-2,48,-314,-86,-65,60,183
396,396,0,-2013,1436,-262,-163,-662,-985,-1395,-2,48,-314,-86,-65,60,183
397,397,0,-2013,1436,-262,-163,-662,-985,-1395,-2,48,-314,-86,-65,60,183
398,398,0,-2013,1436,-262,-163,-662,-985,-1395,-2,48,-314,-86,-65,60,183
399,399,0,-2013,1436,-262,-163,-662,-985,-1395,-2,48,-314,-86,-65,60,183
400,400,0,-2013,1436,-262,-163,-662,-985,-1395,-2,48,-314,-86,-65,60,183
401,401,0,-2013,1436,-262,-163,-662,-985,-1395,-2,48,-314,-86,-65,60,183
402,402,0,-2013,1436,-262,-163,-662,-985,-1395,-2,48,-314,-86,-65,60,183
403,403,0,-2013,1436,-262,-163,-662,-985,-1395,-2,48,-314,-86,-65,60,183
404,404,0,-2013,1436,-262,-163,-662,-985,-1395,-2,48,-314,-86,-65,60,183
405,405,0,-2013,1436,-262,-163,-662,-985,-1395,-2,48,-314,-86,-65,60,183
406,406,0,-2013,1436,-262,-163,-662,-985,-1395,-2,48,-314,-86,-65,60,183
407,407,0,-2013,1436,-262,-163,-662,-985,-1395,-2,48,-314,-86,-65,60,183
408,408,0,-2013,1436,-262,-163,-662,-985,-1395,-2,48,-314,-86,-65,60,183
409,409,0,-2013,1436,-262,-163,-662,-985,-1395,-2,48,-314,-86,-65,60,183
410,410,0,-2013,1436,-262,-163,-662,-985,-1395,-2,48,-314,-86,-65,60,183
411,411,0,-2013,1436,-262,-163,-662,-985,-1395,-2,48,-314,-86,-65,60,183
412,412,0,-2013,1436,-262,-163,-662,-985,-1395,-2,48,-314,-86,-65,60,183
413,413,0,-2013,1436,-262,-163,-662,-985,-1395,-2,48,-314,-86,-65,60,183
414,414,0,-2013,1436,-262,-163,-662,-985,-1395,-2,48,-314,-86,-65,60,183
415,415,0,-2013,1436,-262,-163,-662,-985,-1395,-2,48,-314,-86,-65,60,183
416,416,0,-2013,1436,-262,-163,-662,-985,-1395,-2,48,-314,-86,-65,60,183
417,417,0,-2013,1436,-262,-163,-662,-985,-1395,-2,48,-314,-86,-65,60,183
418,418,0,-2013,1436,-262,-163,-662,-985,-1395,-2,48,-314,-86,-65,60,183
419,419,0,-2013,1436,-262,-163,-662,-985,-1395,-2,48,-314,-86,-65,60,183
420,420,0,-2013,1436,-262,-163,-662,-985,-1395,-2,48,-314,-86,-65,60,183
421,421,0,-2013,1436,-262,-163,-662,-985,-1395,-2,48,-314,-86,-65,60,183
422,422,0,-2013,1436,-262,-163,-662,-985,-1395,-2,48,-314,-86,-65,60,183
423,423,0,-2013,1436,-262,-163,-662,-985,-1395,-2,48,-314,-86,-65,60,183
424,424,0,-2013,1436,-262,-163,-662,-985,-1395,-2,48,-314,-86,-65,60,183
425,425,0,-2013,1436,-262,-163,-662,-985,-1395,-2,48,-314,-86,-65,60,183
426,426,0,-2013,1436,-262,-163,-662,-985,-1395,-2,48,-314,-86,-65,60,183
427,427,0,-2013,1436,-262,-163,-662,-985,-1395,-2,48,-314,-86,-65,60,183
428,428,0,-2013,1436,-262,-163,-662,-985,-1395,-2,48,-314,-86,-65,60,183
429,429,0,-2013,1436,-262,-163,-662,-985,-1395,-2,48,-314,-86,-65,60,183
430,430,0,-2013,1436,-262,-163,-662,-985,-1395,-2,48,-314,-86,-65,60,183
431,431,0,-2013,1436,-262,-163,-662,-985,-1395,-2,48,-314,-86,-65,60,183
432,432,0,-2013,1436,-262,-163,-662,-985,-1395,-2,48,-314,-86,-65,60,183
433,433,0,-2013,1436,-262,-163,-662,-985,-1395,-2,48,-314,-86,-65,60,183
434,434,0,-2013,1436,-262,-163,-662,-985,-1395,-2,48,-314,-86,-65,60,183
435,435,0,-2013,1436,-262,-163,-662,-985,-1395,-2,48,-314,-86,-65,60,183
436,436,0,-2013,1436,-262,-163,-662,-985,-1395,-2,48,-314,-86,-65,60,183
437,437,0,-2013,1436,-262,-163,-662,-985,-1395,-2,48,-314,-86,-65,60,183
438,438,0,-2013,1436,-262,-163,-662,-985,-1395,-2,48,-314,-86,-65,60,183
439,439,0,-2013,1436,-262,-163,-662,-985,-1395,-2,48,-314,-86,-65,60,183
440,440,0,-2013,1436,-262,-163,-662,-985,-1395,-2,48,-314,-86,-65,60,183
441,441,0,-2013,1436,-262,-163,-662,-985,-1395,-2,48,-314,-86,-65,60,183
442,442,0,-2013,1436,-262,-163,-662,-985,-1395,-2,48,-314,-86,-65,60,183
443,443,0,-2013,1436,-262,-163,-662,-985,-1395,-2,48,-314,-86,-65,60,183
444,444,0,-2013,1436,-262,-163,-662,-985,-1395,-2,48,-314,-86,-65,60,183
445,445,0,-2013,1436,-262,-163,-662,-985,-1395,-2,48,-314,-86,-65,60,183
446,446,0,-2013,1436,-262,-163,-662,-985,-1395,-2,48,-314,-86,-65,60,183
447,447,0,-2013,1436,-262,-163,-662,-985,-1395,-2,48,-314,-86,-65,60,183
448,448,0,-2013,1436,-262,-163,-662,-985,-1395,-2,48,-314,-86,-65,60,183
449,449,0,-2013,1436,-262,-163,-662,-985,-1395,-2,48,-314,-86,-65,60,183
450,450,0,-2013,1436,-262,-163,-662,-985,-1395,-2,48,-314,-86,-65,60,183
451,451,0,-2013,1436,-262,-163,-662,-985,-1395,-2,48,-314,-86,-65,60,183
452,452,0,-2013,1436,-262,-163,-662,-985,-1395,-2,48,-314,-86,-65,60,183
453,453,0,-2013,1436,-262,-163,-662,-985,-1395,-2,48,-314,-86,-65,60,183
454,454,0,-2013,1436,-262,-163,-662,-985,-1395,-2,48,-314,-86,-65,60,183
455,455,0,-2013,1436,-262,-163,-662,-985,-1395,-2,48,-314,-86,-65,60,183
456,456,0,-2013,1436,-262,-163,-662,-985,-1395,-2,48,-314,-86,-65,60,183
457,457,0,-2013,1436,-262,-163,-662,-985,-1395,-2,48,-314,-86,-65,60,183
458,458,0,-2013,1436,-262,-163,-662,-985,-1395,-2,48,-314,-86,-65,60,183
459,459,0,-2013,1436,-262,-163,-662,-985,-1395,-2,48,-314,-86,-65,60,183
460,460,0,-2013,1436,-262,-163,-662,-985,-1395,-2,48,-314,-86,-65,60,183
461,461,0,-2013,1436,-262,-163,-662,-985,-1395,-2,48,-314,-86,-65,60,183
462,462,0,-2013,1436,-262,-163,-662,-985,-1395,-2,48,-314,-86,-65,60,183
463,463,0,-2013,1436,-262,-163,-662,-985,-1395,-2,48,-314,-86,-65,60,183
464,464,0,-2013,1436,-262,-163,-662,-985,-1395,-2,48,-314,-86,-65,60,183
465,465,0,-2013,1436,-262,-163,-662,-985,-1395,-2,48,-314,-86,-65,60,183
466,466,0,-2013,1436,-262,-163,-662,-985,-1395,-2,48,-314,-86,-65,60,183
467,467,0,-2013,1436,-262,-163,-662,-985,-1395,-2,48,-314,-86,-65,60,183
468,468,0,-2013,1436,-262,-163,-662,-985,-1395,-2,48,-314,-86,-65,60,183
469,469,0,-2013,1436,-262,-163,-662,-985,-1395,-2,48,-314,-86,-65,60,183
470,470,0,-2013,1436,-262,-163,-662,-985,-1395,-2,48,-314,-86,-65,60,183
471,471,0,-2013,1436,-262,-163,-662,-985,-1395,-2,48,-314,-86,-65,60,183
472,472,0,-2013,1436,-262,-163,-662,-985,-1395,-2,48,-314,-86,-65,60,183
473,473,0,-2013,1436,-262,-163,-662,-985,-1395,-2,48,-314,-86,-65,60,183
474,474,0,-2013,1436,-262,-163,-662,-985,-1395,-2,48,-314,-86,-65,60,183
475,475,0,-2013,1436,-262,-163,-662,-985,-1395,-2,48,-314,-86,-65,60,183
476,476,0,-2013,1436,-262,-163,-662,-985,-1395,-2,48,-314,-86,-65,60,183
477,477,0,-2013,1436,-262,-163,-662,-985,-1395,-2,48,-314,-86,-65,60,183
478,478,0,-2013,1436,-262,-163,-662,-985,-1395,-2,48,-314,-86,-65,60,183
479,479,0,-2013,1436,-262,-163,-662,-985,-1395,-2,48,-314,-86,-65,60,183
480,480,0,-2013,1436,-262,-163,-662,-985,-1395,-2,48,-314,-86,-65,60,183
481,481,0,-2013,1436,-262,-163,-662,-985,-1395,-2,48,-314,-86,-65,60,183
482,482,0,-2013,1436,-262,-163,-662,-985,-1395,-2,48,-314,-86,-65,60,183
483,483,0,-2013,1436,-262,-163,-662,-985,-1395,-2,48,-314,-86,-65,60,183
484,484,0,-2013,1436,-262,-163,-662,-985,-1395,-2,48,-314,-86,-65,60,183
485,485,0,-2013,1436,-262,-163,-662,-985,-1395,-2,48,-314,-86,-65,60,183
486,486,0,-2013,1436,-262,-163,-662,-985,-1395,-2,48,-314,-86,-65,60,183
487,487,0,-2013,1436,-262,-163,-662,-985,-1395,-2,48,-314,-86,-65,60,183
488,488,0,-2013,1436,-262,-163,-662,-985,-1395,-2,48,-314,-86,-65,60,183
489,489,0,-2013,1436,-262,-163,-662,-985,-1395,-2,48,-314,-86,-65,60,183
490,490,0,-2013,1436,-262,-163,-662,-985,-1395,-2,48,-314,-86,-65,60,183
491,491,0,-2013,1436,-262,-163,-662,-985,-1395,-2,48,-314,-86,-65,60,183
492,492,0,-2013,1436,-262,-163,-662,-985,-1395,-2,48,-314,-86,-65,60,183
493,493,0,-2013,1436,-262,-163,-662,-985,-1395,-2,48,-314,-86,-65,60,183
494,494,0,-2013,1436,-262,-163,-662,-985,-1395,-2,48,-314,-86,-65,60,183
495,495,0,-2013,1436,-262,-163,-662,-985,-1395,-2,48,-314,-86,-65,60,183
496,496,0,-2013,1436,-262,-163,-662,-985,-1395,-2,48,-314,-86,-65,60,183
497,497,0,-2013,1436,-262,-163,-662,-985,-1395,-2,48,-314,-86,-65,60,183
498,498,0,-2013,1436,-262,-163,-662,-985,-1395,-2,48,-314,-86,-65,60,183
499,499,0,-2013,1436,-262,-163,-662,-985,-1395,-2,48,-314,-86,-65,60,183
500,500,0,-2013,1436,-262,-163,-662,-985,-1395,-2,48,-314,-86,-65,60,183
501,501,0,-2013,1436,-262,-163,-662,-985,-1395,-2,48,-314,-86,-65,60,183
502,502,0,-2013,1436,-262,-163,-662,-985,-1395,-2,48,-314,-86,-65,60,183
503,503,0,-2013,1436,-262,-163,-662,-985,-1395,-2,48,-314,-86,-65,60,183
504,504,0,-2013,1436,-262,-163,-662,-985,-1395,-2,48,-314,-86,-65,60,183
505,505,0,-2013,1436,-262,-163,-662,-985,-1395,-2,48,-314,-86,-65,60,183
506,506,0,-2013,1436,-262,-163,-662,-985,-1395,-2,48,-314,-86,-65,60,183
507,507,0,-2013,1436,-262,-163,-662,-985,-1395,-2,48,-314,-86,-65,60,183
508,508,0,-2013,1436,-262,-163,-662,-985,-1395,-2,48,-314,-86,-65,60,183
509,509,0,-2013,1436,-262,-163,-662,-985,-1395,-2,48,-314,-86,-65,60,183
510,510,0,-2013,1436,-262,-163,-662,-985,-1395,-2,48,-314,-86,-65,60,183
511,511,0,-2013,1436,-262,-163,-662,-985,-1395,-2,48,-314,-86,-65,60,183
512,512,1,-2013,1436,-262,-163,-662,-985,-1395,-2,48,-314,-86,-65,60,183
513,513,0,-2013,1436,-262,-163,-662,-985,-1395,-2,48,-314,-86,-65,60,183
514,514,0,-2013,1436,-262,-163,-662,-985,-1395,-2,48,-314,-86,-65,60,183
515,515,0,-2013,1436,-262,-163,-662,-985,-1395,-2,48,-314,-86,-65,60,183
516,516,0,-2013,1436,-262,-163,-662,-985,-1395,-2,48,-314,-86,-65,60,183
517,517,0,-2013,1436,-262,-163,-662,-985,-1395,-2,48,-314,-86,-65,60,183
518,518,0,-2013,1436,-262,-163,-662,-985,-1395,-2,48,-314,-86,-65,60,183
519,519,0,-2013,1436,-262,-163,-662,-985,-1395,-2,48,-314,-86,-65,60,183
520,520,0,-2013,1436,-262,-163,-662,-985,-1395,-2,48,-314,-86,-65,60,183
521,521,0,-2013,1436,-262,-163,-662,-985,-1395,-2,48,-314,-86,-65,60,183
522,522,0,-2013,1436,-262,-163,-662,-985,-1395,-2,48,-314,-86,-65,60,183
523,523,0,-2013,1436,-262,-163,-662,-985,-1395,-2,48,-314,-86,-65,60,183
524,524,0,-2013,1436,-262,-163,-662,-985,-1395,-2,48,-314,-86,-65,60,183
525,525,0,-2013,1436,-262,-163,-662,-985,-1395,-2,48,-314,-86,-65,60,183
526,526,0,-2013,1436,-262,-163,-662,-985,-1395,-2,48,-314,-86,-65,60,183
527,527,0,-2013,1436,-262,-163,-662,-985,-1395,-2,48,-314,-86,-65,60,183
528,528,0,-2013,1436,-262,-163,-662,-985,-1395,-2,48,-314,-86,-65,60,183
529,529,0,-2013,1436,-262,-163,-662,-985,-1395,-2,48,-314,-86,-65,60,183
530,530,0,-2013,1436,-262,-163,-662,-985,-1395,-2,48,-314,-86,-65,60,183
531,531,0,-2013,1436,-262,-163,-662,-985,-1395,-2,48,-314,-86,-65,60,183
532,532,0,-2013,1436,-262,-163,-662,-985,-1395,-2,48,-314,-86,-65,60,183
533,533,0,-2013,1436,-262,-163,-662,-985,-1395,-2,48,-314,-86,-65,60,183
534,534,0,-2013,1436,-262,-163,-662,-985,-1395,-2,48,-314,-86,-65,60,183
535,535,0,-2013,1436,-262,-163,-662,-985,-1395,-2,48,-314,-86,-65,60,183
536,536,0,-2013,1436,-262,-163,-662,-985,-1395,-2,48,-314,-86,-65,60,183
537,537,0,-2013,1436,-262,-163,-662,-985,-1395,-2,48,-314,-86,-65,60,183
538,538,0,-2013,1436,-262,-163,-662,-985,-1395,-2,48,-314,-86,-65,60,183
539,539,0,-2013,1436,-262,-163,-662,-985,-1395,-2,48,-314,-86,-65,60,183
540,540,0,-2013,1436,-262,-163,-662,-985,-1395,-2,48,-314,-86,-65,60,183
541,541,0,-2013,1436,-262,-163,-662,-985,-1395,-2,48,-314,-86,-65,60,183
542,542,0,-2013,1436,-262,-163,-662,-985,-1395,-2,48,-314,-86,-65,60,183
543,543,0,-2013,1436,-262,-163,-662,-985,-1395,-2,48,-314,-86,-65,60,183
544,544,0,-2013,1436,-262,-163,-662,-985,-1395,-2,48,-314,-86,-65,60,183
545,545,0,-2013,1436,-262,-163,-662,-985,-1395,-2,48,-314,-86,-65,60,183
546,546,0,-2013,1436,-262,-163,-662,-985,-1395,-2,48,-314,-86,-65,60,183
547,547,0,-2013,1436,-262,-163,-662,-985,-1395,-2,48,-314,-86,-65,60,183
548,548,0,-2013,1436,-262,-163,-662,-985,-1395,-2,48,-314,-86,-65,60,183
549,549,0,-2013,1436,-262,-163,-662,-985,-1395,-2,48,-314,-86,-65,60,183
550,550,0,-2013,1436,-262,-163,-662,-985,-1395,-2,48,-314,-86,-65,60,183
551,551,0,-2013,1436,-262,-163,-662,-985,-1395,-2,48,-314,-86,-65,60,183
552,552,0,-2013,1436,-262,-163,-662,-985,-1395,-2,48,-314,-86,-65,60,183
553,553,0,-2013,1436,-262,-163,-662,-985,-1395,-2,48,-314,-86,-65,60,183
554,554,0,-2013,1436,-262,-163,-662,-985,-1395,-2,48,-314,-86,-65,60,183
555,555,0,-2013,1436,-262,-163,-662,-985,-1395,-2,48,-314,-86,-65,60,183
556,556,0,-2013,1436,-262,-163,-662,-985,-1395,-2,48,-314,-86,-65,60,183
557,557,0,-2013,1436,-262,-163,-662,-985,-1395,-2,48,-314,-86,-65,60,183
558,558,0,-2013,1436,-262,-163,-662,-985,-1395,-2,48,-314,-86,-65,60,183
559,559,0,-2013,1436,-262,-163,-662,-985,-1395,-2,48,-314,-86,-65,60,183
560,560,0,-2013,1436,-262,-163,-662,-985,-1395,-2,48,-314,-86,-65,60,183
561,561,0,-2013,1436,-262,-163,-662,-985,-1395,-2,48,-314,-86,-65,60,183
562,562,0,-2013,1436,-262,-163,-662,-985,-1395,-2,48,-314,-86,-65,60,183
563,563,0,-2013,1436,-262,-163,-662,-985,-1395,-2,48,-314,-86,-65,60,183
564,564,0,-2013,1436,-262,-163,-662,-985,-1395,-2,48,-314,-86,-65,60,183
565,565,0,-2013,1436,-262,-163,-662,-985,-1395,-2,48,-314,-86,-65,60,183
566,566,0,-2013,1436,-262,-163,-662,-985,-1395,-2,48,-314,-86,-65,60,183
567,567,0,-2013,1436,-262,-163,-662,-985,-1395,-2,48,-314,-86,-65,60,183
568,568,0,-2013,1436,-262,-163,-662,-985,-1395,-2,48,-314,-86,-65,60,183
569,569,0,-2013,1436,-262,-163,-662,-985,-1395,-2,48,-314,-86,-65,60,183
570,570,0,-2013,1436,-262,-163,-662,-985,-1395,-2,48,-314,-86,-65,60,183
571,571,0,-2013,1436,-262,-163,-662,-985,-1395,-2,48,-314,-86,-65,60,183
572,572,0,-2013,1436,-262,-163,-662,-985,-1395,-2,48,-314,-86,-65,60,183
573,573,0,-2013,1436,-262,-163,-662,-985,-1395,-2,48,-314,-86,-65,60,183
574,574,0,-2013,1436,-262,-163,-662,-985,-1395,-2,48,-314,-86,-65,60,183
575,575,0,-2013,1436,-262,-163,-662,-985,-1395,-2,48,-314,-86,-65,60,183
576,576,0,-2013,1436,-262,-163,-662,-985,-1395,-2,48,-314,-86,-65,60,183
577,577,0,-2013,1436,-262,-163,-662,-985,-1395,-2,48,-314,-86,-65,60,183
578,578,0,-2013,1436,-262,-163,-662,-985,-1395,-2,48,-314,-86,-65,60,183
579,579,0,-2013,1436,-262,-163,-662,-985,-1395,-2,48,-314,-86,-65,60,183
580,580,0,-2013,1436,-262,-163,-662,-985,-1395,-2,48,-314,-86,-65,60,183
581,581,0,-2013,1436,-262,-163,-662,-985,-1395,-2,48,-314,-86,-65,60,183
582,582,0,-2013,1436,-262,-163,-662,-985,-1395,-2,48,-314,-86,-65,60,183
583,583,0,-2013,1436,-262,-163,-662,-985,-1395,-2,48,-314,-86,-65,60,183
584,584,0,-2013,1436,-262,-163,-662,-985,-1395,-2,48,-314,-86,-65,60,183
585,585,0,-2013,1436,-262,-163,-662,-985,-1395,-2,48,-314,-86,-65,60,183
586,586,0,-2013,1436,-262,-163,-662,-985,-1395,-2,48,-314,-86,-65,60,183
587,587,0,-2013,1436,-262,-163,-662,-985,-1395,-2,48,-314,-86,-65,60,183
588,588,0,-2013,1436,-262,-163,-662,-985,-1395,-2,48,-314,-86,-65,60,183
589,589,0,-2013,1436,-262,-163,-662,-985,-1395,-2,48,-314,-86,-65,60,183
590,590,0,-2013,1436,-262,-163,-662,-985,-1395,-2,48,-314,-86,-65,60,183
591,591,0,-2013,1436,-262,-163,-662,-985,-1395,-2,48,-314,-86,-65,60,183
592,592,0,-2013,1436,-262,-163,-662,-985,-1395,-2,48,-314,-86,-65,60,183
593,593,0,-2013,1436,-262,-163,-662,-985,-1395,-2,48,-314,-86,-65,60,183
594,594,0,-2013,1436,-262,-163,-662,-985,-1395,-2,48,-314,-86,-65,60,183
595,595,0,-2013,1436,-262,-163,-662,-985,-1395,-2,48,-314,-86,-65,60,183
596,596,0,-2013,1436,-262,-163,-662,-985,-1395,-2,48,-314,-86,-65,60,183
597,597,0,-2013,1436,-262,-163,-662,-985,-1395,-2,48,-314,-86,-65,60,183
598,598,0,-2013,1436,-262,-163,-662,-985,-1395,-2,48,-314,-86,-65,60,183
599,599,0,-2013,1436,-262,-163,-662,-985,-1395,-2,48,-314,-86,-65,60,183
600,600,0,-2013,1436,-262,-163,-662,-985,-1395,-2,48,-314,-86,-65,60,183
601,601,0,-2013,1436,-262,-163,-662,-985,-1395,-2,48,-314,-86,-65,60,183
602,602,0,-2013,1436,-262,-163,-662,-985,-1395,-2,48,-314,-86,-65,60,183
603,603,0,-2013,1436,-262,-163,-662,-985,-1395,-2,48,-314,-86,-65,60,183
604,604,0,-2013,1436,-262,-163,-662,-985,-1395,-2,48,-314,-86,-65,60,183
605,605,0,-2013,1436,-262,-163,-662,-985,-1395,-2,48,-314,-86,-65,60,183
606,606,0,-2013,1436,-262,-163,-662,-985,-1395,-2,48,-314,-86,-65,60,183
607,607,0,-2013,1436,-262,-163,-662,-985,-1395,-2,48,-314,-86,-65,60,183
608,608,0,-2013,1436,-262,-163,-662,-985,-1395,-2,48,-314,-86,-65,60,183
609,609,0,-2013,1436,-262,-163,-662,-985,-1395,-2,48,-314,-86,-65,60,183
610,610,0,-2013,1436,-262,-163,-662,-985,-1395,-2,48,-314,-86,-65,60,183
611,611,0,-2013,1436,-262,-163,-662,-985,-1395,-2,48,-314,-86,-65,60,183
612,612,0,-2013,1436,-262,-163,-662,-985,-1395,-2,48,-314,-86,-65,60,183
613,613,0,-2013,1436,-262,-163,-662,-985,-1395,-2,48,-314,-86,-65,60,183
614,614,0,-2013,1436,-262,-163,-662,-985,-1395,-2,48,-314,-86,-65,60,183
615,615,0,-2013,1436,-262,-163,-662,-985,-1395,-2,48,-314,-86,-65,60,183
616,616,0,-2013,1436,-262,-163,-662,-985,-1395,-2,48,-314,-86,-65,60,183
617,617,0,-2013,1436,-262,-163,-662,-985,-1395,-2,48,-314,-86,-65,60,183
618,618,0,-2013,1436,-262,-163,-662,-985,-1395,-2,48,-314,-86,-65,60,183
619,619,0,-2013,1436,-262,-163,-662,-985,-1395,-2,48,-314,-86,-65,60,183
620,620,0,-2013,1436,-262,-163,-662,-985,-1395,-2,48,-314,-86,-65,60,183
621,621,0,-2013,1436,-262,-163,-662,-985,-1395,-2,48,-314,-86,-65,60,183
622,622,0,-2013,1436,-262,-163,-662,-985,-1395,-2,48,-314,-86,-65,60,183
623,623,0,-2013,1436,-262,-163,-662,-985,-1395,-2,48,-314,-86,-65,60,183
624,624,0,-2013,1436,-262,-163,-662,-985,-1395,-2,48,-314,-86,-65,60,183
625,625,0,-2013,1436,-262,-163,-662,-985,-1395,-2,48,-314,-86,-65,60,183
626,626,0,-2013,1436,-262,-163,-662,-985,-1395,-2,48,-314,-86,-65,60,183
627,627,0,-2013,1436,-262,-163,-662,-985,-1395,-2,48,-314,-86,-65,60,183
628,628,0,-2013,1436,-262,-163,-662,-985,-1395,-2,48,-314,-86,-65,60,183
629,629,0,-2013,1436,-262,-163,-662,-985,-1395,-2,48,-314,-86,-65,60,183
630,630,0,-2013,1436,-262,-163,-662,-985,-1395,-2,48,-314,-86,-65,60,183
631,631,0,-2013,1436,-262,-163,-662,-985,-1395,-2,48,-314,-86,-65,60,183
632,632,0,-2013,1436,-262,-163,-662,-985,-1395,-2,48,-314,-86,-65,60,183
633,633,0,-2013,1436,-262,-163,-662,-985,-1395,-2,48,-314,-86,-65,60,183
634,634,0,-2013,1436,-262,-163,-662,-985,-1395,-2,48,-314,-86,-65,60,183
635,635,0,-2013,1436,-262,-163,-662,-985,-1395,-2,48,-314,-86,-65,60,183
636,636,0,-2013,1436,-262,-163,-662,-985,-1395,-2,48,-314,-86,-65,60,183
637,637,0,-2013,1436,-262,-163,-662,-985,-1395,-2,48,-314,-86,-65,60,183
638,638,0,-2013,1436,-262,-163,-662,-985,-1395,-2,48,-314,-86,-65,60,183
639,639,0,-2013,1436,-262,-163,-662,-985,-1395,-2,48,-314,-86,-65,60,183
640,640,0,-2013,1436,-262,-163,-662,-985,-1395,-2,48,-314,-86,-65,60,183
641,641,0,-2013,1436,-262,-163,-662,-985,-1395,-2,48,-314,-86,-65,60,183
642,642,0,-2013,1436,-262,-163,-662,-985,-1395,-2,48,-314,-86,-65,60,183
643,643,0,-2013,1436,-262,-163,-662,-985,-1395,-2,48,-314,-86,-65,60,183
644,644,0,-2013,1436,-262,-163,-662,-985,-1395,-2,48,-314,-86,-65,60,183
645,645,0,-2013,1436,-262,-163,-662,-985,-1395,-2,48,-314,-86,-65,60,183
646,646,0,-2013,1436,-262,-163,-662,-985,-1395,-2,48,-314,-86,-65,60,183
647,647,0,-2013,1436,-262,-163,-662,-985,-1395,-2,48,-314,-86,-65,60,183
648,648,0,-2013,1436,-262,-163,-662,-985,-1395,-2,48,-314,-86,-65,60,183
649,649,0,-2013,1436,-262,-163,-662,-985,-1395,-2,48,-314,-86,-65,60,183
650,650,0,-2013,1436,-262,-163,-662,-985,-1395,-2,48,-314,-86,-65,60,183
651,651,0,-2013,1436,-262,-163,-662,-985,-1395,-2,48,-314,-86,-65,60,183
652,652,0,-2013,1436,-262,-163,-662,-985,-1395,-2,48,-314,-86,-65,60,183
653,653,0,-2013,1436,-262,-163,-662,-985,-1395,-2,48,-314,-86,-65,60,183
654,654,0,-2013,1436,-262,-163,-662,-985,-1395,-2,48,-314,-86,-65,60,183
655,655,0,-2013,1436,-262,-163,-662,-985,-1395,-2,48,-314,-86,-65,60,183
656,656,0,-2013,1436,-262,-163,-662,-985,-1395,-2,48,-314,-86,-65,60,183
657,657,0,-2013,1436,-262,-163,-662,-985,-1395,-2,48,-314,-86,-65,60,183
658,658,0,-2013,1436,-262,-163,-662,-985,-1395,-2,48,-314,-86,-65,60,183
659,659,0,-2013,1436,-262,-163,-662,-985,-1395,-2,48,-314,-86,-65,60,183
660,660,0,-2013,1436,-262,-163,-662,-985,-1395,-2,48,-314,-86,-65,60,183
661,661,0,-2013,1436,-262,-163,-662,-985,-1395,-2,48,-314,-86,-65,60,183
662,662,0,-2013,1436,-262,-163,-662,-985,-1395,-2,48,-314,-86,-65,60,183
663,663,0,-2013,1436,-262,-163,-662,-985,-1395,-2,48,-314,-86,-65,60,183
664,664,0,-2013,1436,-262,-163,-662,-985,-1395,-2,48,-314,-86,-65,60,183
665,665,0,-2013,1436,-262,-163,-662,-985,-1395,-2,48,-314,-86,-65,60,183
666,666,0,-2013,1436,-262,-163,-662,-985,-1395,-2,48,-314,-86,-65,60,183
667,667,0,-2013,1436,-262,-163,-662,-985,-1395,-2,48,-314,-86,-65,60,183
668,668,0,-2013,1436,-262,-163,-662,-985,-1395,-2,48,-314,-86,-65,60,183
669,669,0,-2013,1436,-262,-163,-662,-985,-1395,-2,48,-314,-86,-65,60,183
670,670,0,-2013,1436,-262,-163,-662,-985,-1395,-2,48,-314,-86,-65,60,183
671,671,0,-2013,1436,-262,-163,-662,-985,-1395,-2,48,-314,-86,-65,60,183
672,672,0,-2013,1436,-262,-163,-662,-985,-1395,-2,48,-314,-86,-65,60,183
673,673,0,-2013,1436,-262,-163,-662,-985,-1395,-2,48,-314,-86,-65,60,183
674,674,0,-2013,1436,-262,-163,-662,-985,-1395,-2,48,-314,-86,-65,60,183
675,675,0,-2013,1436,-262,-163,-662,-985,-1395,-2,48,-314,-86,-65,60,183
676,676,0,-2013,1436,-262,-163,-662,-985,-1395,-2,48,-314,-86,-65,60,183
677,677,0,-2013,1436,-262,-163,-662,-985,-1395,-2,48,-314,-86,-65,60,183
678,678,0,-2013,1436,-262,-163,-662,-985,-1395,-2,48,-314,-86,-65,60,183
679,679,0,-2013,1436,-262,-163,-662,-985,-1395,-2,48,-314,-86,-65,60,183
680,680,0,-2013,1436,-262,-163,-662,-985,-1395,-2,48,-314,-86,-65,60,183
681,681,0,-2013,1436,-262,-163,-662,-985,-1395,-2,48,-314,-86,-65,60,183
682,682,0,-2013,1436,-262,-163,-662,-985,-1395,-2,48,-314,-86,-65,60,183
683,683,0,-2013,1436,-262,-163,-662,-985,-1395,-2,48,-314,-86,-65,60,183
684,684,0,-2013,1436,-262,-163,-662,-985,-1395,-2,48,-314,-86,-65,60,183
685,685,0,-2013,1436,-262,-163,-662,-985,-1395,-2,48,-314,-86,-65,60,183
686,686,0,-2013,1436,-262,-163,-662,-985,-1395,-2,48,-314,-86,-65,60,183
687,687,0,-2013,1436,-262,-163,-662,-985,-1395,-2,48,-314,-86,-65,60,183
688,688,0,-2013,1436,-262,-163,-662,-985,-1395,-2,48,-314,-86,-65,60,183
689,689,0,-2013,1436,-262,-163,-662,-985,-1395,-2,48,-314,-86,-65,60,183
690,690,0,-2013,1436,-262,-163,-662,-985,-1395,-2,48,-314,-86,-65,60,183
691,691,0,-2013,1436,-262,-163,-662,-985,-1395,-2,48,-314,-86,-65,60,183
692,692,0,-2013,1436,-262,-163,-662,-985,-1395,-2,48,-314,-86,-65,60,183
693,693,0,-2013,1436,-262,-163,-662,-985,-1395,-2,48,-314,-86,-65,60,183
694,694,0,-2013,1436,-262,-163,-662,-985,-1395,-2,48,-314,-86,-65,60,183
695,695,0,-2013,1436,-262,-163,-662,-985,-1395,-2,48,-314,-86,-65,60,183
696,696,0,-2013,1436,-262,-163,-662,-985,-1395,-2,48,-314,-86,-65,60,183
697,697,0,-2013,1436,-262,-163,-662,-985,-1395,-2,48,-314,-86,-65,60,183
698,698,0,-2013,1436,-262,-163,-662,-985,-1395,-2,48,-314,-86,-65,60,183
699,699,0,-2013,1436,-262,-163,-662,-985,-1395,-2,48,-314,-86,-65,60,183
700,700,0,-2013,1436,-262,-163,-662,-985,-1395,-2,48,-314,-86,-65,60,183
701,701,0,-2013,1436,-262,-163,-662,-985,-1395,-2,48,-314,-86,-65,60,183
702,702,0,-2013,1436,-262,-163,-662,-985,-1395,-2,48,-314,-86,-65,60,183
703,703,0,-2013,1436,-262,-163,-662,-985,-1395,-2,48,-314,-86,-65,60,183
704,704,0,-2013,1436,-262,-163,-662,-985,-1395,-2,48,-314,-86,-65,60,183
705,705,0,-2013,1436,-262,-163,-662,-985,-1395,-2,48,-314,-86,-65,60,183
706,706,0,-2013,1436,-262,-163,-662,-985,-1395,-2,48,-314,-86,-65,60,183
707,707,0,-2013,1436,-262,-163,-662,-985,-1395,-2,48,-314,-86,-65,60,183
708,708,0,-2013,1436,-262,-163,-662,-985,-1395,-2,48,-314,-86,-65,60,183
709,709,0,-2013,1436,-262,-163,-662,-985,-1395,-2,48,-314,-86,-65,60,183
710,710,0,-2013,1436,-262,-163,-662,-985,-1395,-2,48,-314,-86,-65,60,183
711,711,0,-2013,1436,-262,-163,-662,-985,-1395,-2,48,-314,-86,-65,60,183
712,712,0,-2013,1436,-262,-163,-662,-985,-1395,-2,48,-314,-86,-65,60,183
713,713,0,-2013,1436,-262,-163,-662,-985,-1395,-2,48,-314,-86,-65,60,183
714,714,0,-2013,1436,-262,-163,-662,-985,-1395,-2,48,-314,-86,-65,60,183
715,715,0,-2013,1436,-262,-163,-662,-985,-1395,-2,48,-314,-86,-65,60,183
716,716,0,-2013,1436,-262,-163,-662,-985,-1395,-2,48,-314,-86,-65,60,183
717,717,0,-2013,1436,-262,-163,-662,-985,-1395,-2,48,-314,-86,-65,60,183
718,718,0,-2013,1436,-262,-163,-662,-985,-1395,-2,48,-314,-86,-65,60,183
719,719,0,-2013,1436,-262,-163,-662,-985,-1395,-2,48,-314,-86,-65,60,183
720,720,0,-2013,1436,-262,-163,-662,-985,-1395,-2,48,-314,-86,-65,60,183
721,721,0,-2013,1436,-262,-163,-662,-985,-1395,-2,48,-314,-86,-65,60,183
722,722,0,-2013,1436,-262,-163,-662,-985,-1395,-2,48,-314,-86,-65,60,183
723,723,0,-2013,1436,-262,-163,-662,-985,-1395,-2,48,-314,-86,-65,60,183
724,724,0,-2013,1436,-262,-163,-662,-985,-1395,-2,48,-314,-86,-65,60,183
725,725,0,-2013,1436,-262,-163,-662,-985,-1395,-2,48,-314,-86,-65,60,183
726,726,0,-2013,1436,-262,-163,-662,-985,-1395,-2,48,-314,-86,-65,60,183
727,727,0,-2013,1436,-262,-163,-662,-985,-1395,-2,48,-314,-86,-65,60,183
728,728,0,-2013,1436,-262,-163,-662,-985,-1395,-2,48,-314,-86,-65,60,183
729,729,0,-2013,1436,-262,-163,-662,-985,-1395,-2,48,-314,-86,-65,60,183
730,730,0,-2013,1436,-262,-163,-662,-985,-1395,-2,48,-314,-86,-65,60,183
731,731,0,-2013,1436,-262,-163,-662,-985,-1395,-2,48,-314,-86,-65,60,183
732,732,0,-2013,1436,-262,-163,-662,-985,-1395,-2,48,-314,-86,-65,60,183
733,733,0,-2013,1436,-262,-163,-662,-985,-1395,-2,48,-314,-86,-65,60,183
734,734,0,-2013,1436,-262,-163,-662,-985,-1395,-2,48,-314,-86,-65,60,183
735,735,0,-2013,1436,-262,-163,-662,-985,-1395,-2,48,-314,-86,-65,60,183
736,736,0,-2013,1436,-262,-163,-662,-985,-1395,-2,48,-314,-86,-65,60,183
737,737,0,-2013,1436,-262,-163,-662,-985,-1395,-2,48,-314,-86,-65,60,183
738,738,0,-2013,1436,-262,-163,-662,-985,-1395,-2,48,-314,-86,-65,60,183
739,739,0,-2013,1436,-262,-163,-662,-985,-1395,-2,48,-314,-86,-65,60,183
740,740,0,-2013,1436,-262,-163,-662,-985,-1395,-2,48,-314,-86,-65,60,183
741,741,0,-2013,1436,-262,-163,-662,-985,-1395,-2,48,-314,-86,-65,60,183
742,742,0,-2013,1436,-262,-163,-662,-985,-1395,-2,48,-314,-86,-65,60,183
743,743,0,-2013,1436,-262,-163,-662,-985,-1395,-2,48,-314,-86,-65,60,183
744,744,0,-2013,1436,-262,-163,-662,-985,-1395,-2,48,-314,-86,-65,60,183
745,745,0,-2013,1436,-262,-163,-662,-985,-1395,-2,48,-314,-86,-65,60,183
746,746,0,-2013,1436,-262,-163,-662,-985,-1395,-2,48,-314,-86,-65,60,183
747,747,0,-2013,1436,-262,-163,-662,-985,-1395,-2,48,-314,-86,-65,60,183
748,748,0,-2013,1436,-262,-163,-662,-985,-1395,-2,48,-314,-86,-65,60,183
749,749,0,-2013,1436,-262,-163,-662,-985,-1395,-2,48,-314,-86,-65,60,183
750,750,0,-2013,1436,-262,-163,-662,-985,-1395,-2,48,-314,-86,-65,60,183
751,751,0,-2013,1436,-262,-163,-662,-985,-1395,-2,48,-314,-86,-65,60,183
752,752,0,-2013,1436,-262,-163,-662,-985,-1395,-2,48,-314,-86,-65,60,183
753,753,0,-2013,1436,-262,-163,-662,-985,-1395,-2,48,-314,-86,-65,60,183
754,754,0,-2013,1436,-262,-163,-662,-985,-1395,-2,48,-314,-86,-65,60,183
755,755,0,-2013,1436,-262,-163,-662,-985,-1395,-2,48,-314,-86,-65,60,183
756,756,0,-2013,1436,-262,-163,-662,-985,-1395,-2,48,-314,-86,-65,60,183
757,757,0,-2013,1436,-262,-163,-662,-985,-1395,-2,48,-314,-86,-65,60,183
758,758,0,-2013,1436,-262,-163,-662,-985,-1395,-2,48,-314,-86,-65,60,183
759,759,0,-2013,1436,-262,-163,-662,-985,-1395,-2,48,-314,-86,-65,60,183
760,760,0,-2013,1436,-262,-163,-662,-985,-1395,-2,48,-314,-86,-65,60,183
761,761,0,-2013,1436,-262,-163,-662,-985,-1395,-2,48,-314,-86,-65,60,183
762,762,0,-2013,1436,-262,-163,-662,-985,-1395,-2,48,-314,-86,-65,60,183
763,763,0,-2013,1436,-262,-163,-662,-985,-1395,-2,48,-314,-86,-65,60,183
764,764,0,-2013,1436,-262,-163,-662,-985,-1395,-2,48,-314,-86,-65,60,183
765,765,0,-2013,1436,-262,-163,-662,-985,-1395,-2,48,-314,-86,-65,60,183
766,766,0,-2013,1436,-262,-163,-662,-985,-1395,-2,48,-314,-86,-65,60,183
767,767,0,-2013,1436,-262,-163,-662,-985,-1395,-2,48,-314,-86,-65,60,183
768,768,0,-2013,1436,-262,-163,-662,-985,-1395,-2,48,-314,-86,-65,60,183
769,769,0,-2013,1436,-262,-163,-662,-985,-1395,-2,48,-314,-86,-65,60,183
770,770,0,-2013,1436,-262,-163,-662,-985,-1395,-2,48,-314,-86,-65,60,183
771,771,0,-2013,1436,-262,-163,-662,-985,-1395,-2,48,-314,-86,-65,60,183
772,772,0,-2013,1436,-262,-163,-662,-985,-1395,-2,48,-314,-86,-65,60,183
773,773,0,-2013,1436,-262,-163,-662,-985,-1395,-2,48,-314,-86,-65,60,183
774,774,0,-2013,1436,-262,-163,-662,-985,-1395,-2,48,-314,-86,-65,60,183
775,775,0,-2013,1436,-262,-163,-662,-985,-1395,-2,48,-314,-86,-65,60,183
776,776,0,-2013,1436,-262,-163,-662,-985,-1395,-2,48,-314,-86,-65,60,183
777,777,0,-2013,1436,-262,-163,-662,-985,-1395,-2,48,-314,-86,-65,60,183
778,778,0,-2013,1436,-262,-163,-662,-985,-1395,-2,48,-314,-86,-65,60,183
779,779,0,-2013,1436,-262,-163,-662,-985,-1395,-2,48,-314,-86,-65,60,183
780,780,0,-2013,1436,-262,-163,-662,-985,-1395,-2,48,-314,-86,-65,60,183
781,781,0,-2013,1436,-262,-163,-662,-985,-1395,-2,48,-314,-86,-65,60,183
782,782,0,-2013,1436,-262,-163,-662,-985,-1395,-2,48,-314,-86,-65,60,183
783,783,0,-2013,1436,-262,-163,-662,-985,-1395,-2,48,-314,-86,-65,60,183
784,784,0,-2013,1436,-262,-163,-662,-985,-1395,-2,48,-314,-86,-65,60,183
785,785,0,-2013,1436,-262,-163,-662,-985,-1395,-2,48,-314,-86,-65,60,183
786,786,0,-2013,1436,-262,-163,-662,-985,-1395,-2,48,-314,-86,-65,60,183
787,787,0,-2013,1436,-262,-163,-662,-985,-1395,-2,48,-314,-86,-65,60,183
788,788,0,-2013,1436,-262,-163,-662,-985,-1395,-2,48,-314,-86,-65,60,183
789,789,0,-2013,1436,-262,-163,-662,-985,-1395,-2,48,-314,-86,-65,60,183
790,790,0,-2013,1436,-262,-163,-662,-985,-1395,-2,48,-314,-86,-65,60,183
791,791,0,-2013,1436,-262,-163,-662,-985,-1395,-2,48,-314,-86,-65,60,183
792,792,0,-2013,1436,-262,-163,-662,-985,-1395,-2,48,-314,-86,-65,60,183
793,793,0,-2013,1436,-262,-163,-662,-985,-1395,-2,48,-314,-86,-65,60,183
794,794,0,-2013,1436,-262,-163,-662,-985,-1395,-2,48,-314,-86,-65,60,183
795,795,0,-2013,1436,-262,-163,-662,-985,-1395,-2,48,-314,-86,-65,60,183
796,796,0,-2013,1436,-262,-163,-662,-985,-1395,-2,48,-314,-86,-65,60,183
797,797,0,-2013,1436,-262,-163,-662,-985,-1395,-2,48,-314,-86,-65,60,183
798,798,0,-2013,1436,-262,-163,-662,-985,-1395,-2,48,-314,-86,-65,60,183
799,799,0,-2013,1436,-262,-163,-662,-985,-1395,-2,48,-314,-86,-65,60,183
800,800,0,-2013,1436,-262,-163,-662,-985,-1395,-2,48,-314,-86,-65,60,183
801,801,0,-2013,1436,-262,-163,-662,-985,-1395,-2,48,-314,-86,-65,60,183
802,802,0,-2013,1436,-262,-163,-662,-985,-1395,-2,48,-314,-86,-65,60,183
803,803,0,-2013,1436,-262,-163,-662,-985,-1395,-2,48,-314,-86,-65,60,183
804,804,0,-2013,1436,-262,-163,-662,-985,-1395,-2,48,-314,-86,-65,60,183
805,805,0,-2013,1436,-262,-163,-662,-985,-1395,-2,48,-314,-86,-65,60,183
806,806,0,-2013,1436,-262,-163,-662,-985,-1395,-2,48,-314,-86,-65,60,183
807,807,0,-2013,1436,-262,-163,-662,-985,-1395,-2,48,-314,-86,-65,60,183
808,808,0,-2013,1436,-262,-163,-662,-985,-1395,-2,48,-314,-86,-65,60,183
809,809,0,-2013,1436,-262,-163,-662,-985,-1395,-2,48,-314,-86,-65,60,183
810,810,0,-2013,1436,-262,-163,-662,-985,-1395,-2,48,-314,-86,-65,60,183
811,811,0,-2013,1436,-262,-163,-662,-985,-1395,-2,48,-314,-86,-65,60,183
812,812,0,-2013,1436,-262,-163,-662,-985,-1395,-2,48,-314,-86,-65,60,183
813,813,0,-2013,1436,-262,-163,-662,-985,-1395,-2,48,-314,-86,-65,60,183
814,814,0,-2013,1436,-262,-163,-662,-985,-1395,-2,48,-314,-86,-65,60,183
815,815,0,-2013,1436,-262,-163,-662,-985,-1395,-2,48,-314,-86,-65,60,183
816,816,0,-2013,1436,-262,-163,-662,-985,-1395,-2,48,-314,-86,-65,60,183
817,817,0,-2013,1436,-262,-163,-662,-985,-1395,-2,48,-314,-86,-65,60,183
818,818,0,-2013,1436,-262,-163,-662,-985,-1395,-2,48,-314,-86,-65,60,183
819,819,0,-2013,1436,-262,-163,-662,-985,-1395,-2,48,-314,-86,-65,60,183
820,820,0,-2013,1436,-262,-163,-662,-985,-1395,-2,48,-314,-86,-65,60,183
821,821,0,-2013,1436,-262,-163,-662,-985,-1395,-2,48,-314,-86,-65,60,183
822,822,0,-2013,1436,-262,-163,-662,-985,-1395,-2,48,-314,-86,-65,60,183
823,823,0,-2013,1436,-262,-163,-662,-985,-1395,-2,48,-314,-86,-65,60,183
824,824,0,-2013,1436,-262,-163,-662,-985,-1395,-2,48,-314,-86,-65,60,183
825,825,0,-2013,1436,-262,-163,-662,-985,-1395,-2,48,-314,-86,-65,60,183
826,826,0,-2013,1436,-262,-163,-662,-985,-1395,-2,48,-314,-86,-65,60,183
827,827,0,-2013,1436,-262,-163,-662,-985,-1395,-2,48,-314,-86,-65,60,183
828,828,0,-2013,1436,-262,-163,-662,-985,-1395,-2,48,-314,-86,-65,60,183
829,829,0,-2013,1436,-262,-163,-662,-985,-1395,-2,48,-314,-86,-65,60,183
830,830,0,-2013,1436,-262,-163,-662,-985,-1395,-2,48,-314,-86,-65,60,183
831,831,0,-2013,1436,-262,-163,-662,-985,-1395,-2,48,-314,-86,-65,60,183
832,832,0,-2013,1436,-262,-163,-662,-985,-1395,-2,48,-314,-86,-65,60,183
833,833,0,-2013,1436,-262,-163,-662,-985,-1395,-2,48,-314,-86,-65,60,183
834,834,0,-2013,1436,-262,-163,-662,-985,-1395,-2,48,-314,-86,-65,60,183
835,835,0,-2013,1436,-262,-163,-662,-985,-1395,-2,48,-314,-86,-65,60,183
836,836,0,-2013,1436,-262,-163,-662,-985,-1395,-2,48,-314,-86,-65,60,183
837,837,0,-2013,1436,-262,-163,-662,-985,-1395,-2,48,-314,-86,-65,60,183
838,838,0,-2013,1436,-262,-163,-662,-985,-1395,-2,48,-314,-86,-65,60,183
839,839,0,-2013,1436,-262,-163,-662,-985,-1395,-2,48,-314,-86,-65,60,183
840,840,0,-2013,1436,-262,-163,-662,-985,-1395,-2,48,-314,-86,-65,60,183
841,841,0,-2013,1436,-262,-163,-662,-985,-1395,-2,48,-314,-86,-65,60,183
842,842,0,-2013,1436,-262,-163,-662,-985,-1395,-2,48,-314,-86,-65,60,183
843,843,0,-2013,1436,-262,-163,-662,-985,-1395,-2,48,-314,-86,-65,60,183
844,844,0,-2013,1436,-262,-163,-662,-985,-1395,-2,48,-314,-86,-65,60,183
845,845,0,-2013,1436,-262,-163,-662,-985,-1395,-2,48,-314,-86,-65,60,183
846,846,0,-2013,1436,-262,-163,-662,-985,-1395,-2,48,-314,-86,-65,60,183
847,847,0,-2013,1436,-262,-163,-662,-985,-1395,-2,48,-314,-86,-65,60,183
848,848,0,-2013,1436,-262,-163,-662,-985,-1395,-2,48,-314,-86,-65,60,183
849,849,0,-2013,1436,-262,-163,-662,-985,-1395,-2,48,-314,-86,-65,60,183
850,850,0,-2013,1436,-262,-163,-662,-985,-1395,-2,48,-314,-86,-65,60,183
851,851,0,-2013,1436,-262,-163,-662,-985,-1395,-2,48,-314,-86,-65,60,183
852,852,0,-2013,1436,-262,-163,-662,-985,-1395,-2,48,-314,-86,-65,60,183
853,853,0,-2013,1436,-262,-163,-662,-985,-1395,-2,48,-314,-86,-65,60,183
854,854,0,-2013,1436,-262,-163,-662,-985,-1395,-2,48,-314,-86,-65,60,183
855,855,0,-2013,1436,-262,-163,-662,-985,-1395,-2,48,-314,-86,-65,60,183
856,856,0,-2013,1436,-262,-163,-662,-985,-1395,-2,48,-314,-86,-65,60,183
857,857,0,-2013,1436,-262,-163,-662,-985,-1395,-2,48,-314,-86,-65,60,183
858,858,0,-2013,1436,-262,-163,-662,-985,-1395,-2,48,-314,-86,-65,60,183
859,859,0,-2013,1436,-262,-163,-662,-985,-1395,-2,48,-314,-86,-65,60,183
860,860,0,-2013,1436,-262,-163,-662,-985,-1395,-2,48,-314,-86,-65,60,183
861,861,0,-2013,1436,-262,-163,-662,-985,-1395,-2,48,-314,-86,-65,60,183
862,862,0,-2013,1436,-262,-163,-662,-985,-1395,-2,48,-314,-86,-65,60,183
863,863,0,-2013,1436,-262,-163,-662,-985,-1395,-2,48,-314,-86,-65,60,183
864,864,0,-2013,1436,-262,-163,-662,-985,-1395,-2,48,-314,-86,-65,60,183
865,865,0,-2013,1436,-262,-163,-662,-985,-1395,-2,48,-314,-86,-65,60,183
866,866,0,-2013,1436,-262,-163,-662,-985,-1395,-2,48,-314,-86,-65,60,183
867,867,0,-2013,1436,-262,-163,-662,-985,-1395,-2,48,-314,-86,-65,60,183
868,868,0,-2013,1436,-262,-163,-662,-985,-1395,-2,48,-314,-86,-65,60,183
869,869,0,-2013,1436,-262,-163,-662,-985,-1395,-2,48,-314,-86,-65,60,183
870,870,0,-2013,1436,-262,-163,-662,-985,-1395,-2,48,-314,-86,-65,60,183
871,871,0,-2013,1436,-262,-163,-662,-985,-1395,-2,48,-314,-86,-65,60,183
872,872,0,-2013,1436,-262,-163,-662,-985,-1395,-2,48,-314,-86,-65,60,183
873,873,0,-2013,1436,-262,-163,-662,-985,-1395,-2,48,-314,-86,-65,60,183
874,874,0,-2013,1436,-262,-163,-662,-985,-1395,-2,48,-314,-86,-65,60,183
875,875,0,-2013,1436,-262,-163,-662,-985,-1395,-2,48,-314,-86,-65,60,183
876,876,0,-2013,1436,-262,-163,-662,-985,-1395,-2,48,-314,-86,-65,60,183
877,877,0,-2013,1436,-262,-163,-662,-985,-1395,-2,48,-314,-86,-65,60,183
878,878,0,-2013,1436,-262,-163,-662,-985,-1395,-2,48,-314,-86,-65,60,183
879,879,0,-2013,1436,-262,-163,-662,-985,-1395,-2,48,-314,-86,-65,60,183
880,880,0,-2013,1436,-262,-163,-662,-985,-1395,-2,48,-314,-86,-65,60,183
881,881,0,-2013,1436,-262,-163,-662,-985,-1395,-2,48,-314,-86,-65,60,183
882,882,0,-2013,1436,-262,-163,-662,-985,-1395,-2,48,-314,-86,-65,60,183
883,883,0,-2013,1436,-262,-163,-662,-985,-1395,-2,48,-314,-86,-65,60,183
884,884,0,-2013,1436,-262,-163,-662,-985,-1395,-2,48,-314,-86,-65,60,183
885,885,0,-2013,1436,-262,-163,-662,-985,-1395,-2,48,-314,-86,-65,60,183
886,886,0,-2013,1436,-262,-163,-662,-985,-1395,-2,48,-314,-86,-65,60,183
887,887,0,-2013,1436,-262,-163,-662,-985,-1395,-2,48,-314,-86,-65,60,183
888,888,0,-2013,1436,-262,-163,-662,-985,-1395,-2,48,-314,-86,-65,60,183
889,889,0,-2013,1436,-262,-163,-662,-985,-1395,-2,48,-314,-86,-65,60,183
890,890,0,-2013,1436,-262,-163,-662,-985,-1395,-2,48,-314,-86,-65,60,183
891,891,0,-2013,1436,-262,-163,-662,-985,-1395,-2,48,-314,-86,-65,60,183
892,892,0,-2013,1436,-262,-163,-662,-985,-1395,-2,48,-314,-86,-65,60,183
893,893,0,-2013,1436,-262,-163,-662,-985,-1395,-2,48,-314,-86,-65,60,183
894,894,0,-2013,1436,-262,-163,-662,-985,-1395,-2,48,-314,-86,-65,60,183
895,895,0,-2013,1436,-262,-163,-662,-985,-1395,-2,48,-314,-86,-65,60,183
896,896,0,-2013,1436,-262,-163,-662,-985,-1395,-2,48,-314,-86,-65,60,183
897,897,0,-2013,1436,-262,-163,-662,-985,-1395,-2,48,-314,-86,-65,60,183
898,898,0,-2013,1436,-262,-163,-662,-985,-1395,-2,48,-314,-86,-65,60,183
899,899,0,-2013,1436,-262,-163,-662,-985,-1395,-2,48,-314,-86,-65,60,183
900,900,0,-2013,1436,-262,-163,-662,-985,-1395,-2,48,-314,-86,-65,60,183
901,901,0,-2013,1436,-262,-163,-662,-985,-1395,-2,48,-314,-86,-65,60,183
902,902,0,-2013,1436,-262,-163,-662,-985,-1395,-2,48,-314,-86,-65,60,183
903,903,0,-2013,1436,-262,-163,-662,-985,-1395,-2,48,-314,-86,-65,60,183
904,904,0,-2013,1436,-262,-163,-662,-985,-1395,-2,48,-314,-86,-65,60,183
905,905,0,-2013,1436,-262,-163,-662,-985,-1395,-2,48,-314,-86,-65,60,183
906,906,0,-2013,1436,-262,-163,-662,-985,-1395,-2,48,-314,-86,-65,60,183
907,907,0,-2013,1436,-262,-163,-662,-985,-1395,-2,48,-314,-86,-65,60,183
908,908,0,-2013,1436,-262,-163,-662,-985,-1395,-2,48,-314,-86,-65,60,183
909,909,0,-2013,1436,-262,-163,-662,-985,-1395,-2,48,-314,-86,-65,60,183
910,910,0,-2013,1436,-262,-163,-662,-985,-1395,-2,48,-314,-86,-65,60,183
911,911,0,-2013,1436,-262,-163,-662,-985,-1395,-2,48,-314,-86,-65,60,183
912,912,0,-2013,1436,-262,-163,-662,-985,-1395,-2,48,-314,-86,-65,60,183
913,913,0,-2013,1436,-262,-163,-662,-985,-1395,-2,48,-314,-86,-65,60,183
914,914,0,-2013,1436,-262,-163,-662,-985,-1395,-2,48,-314,-86,-65,60,183
915,915,0,-2013,1436,-262,-163,-662,-985,-1395,-2,48,-314,-86,-65,60,183
916,916,0,-2013,1436,-262,-163,-662,-985,-1395,-2,48,-314,-86,-65,60,183
917,917,0,-2013,1436,-262,-163,-662,-985,-1395,-2,48,-314,-86,-65,60,183
918,918,0,-2013,1436,-262,-163,-662,-985,-1395,-2,48,-314,-86,-65,60,183
919,919,0,-2013,1436,-262,-163,-662,-985,-1395,-2,48,-314,-86,-65,60,183
920,920,0,-2013,1436,-262,-163,-662,-985,-1395,-2,48,-314,-86,-65,60,183
921,921,0,-2013,1436,-262,-163,-662,-985,-1395,-2,48,-314,-86,-65,60,183
922,922,0,-2013,1436,-262,-163,-662,-985,-1395,-2,48,-314,-86,-65,60,183
923,923,0,-2013,1436,-262,-163,-662,-985,-1395,-2,48,-314,-86,-65,60,183
924,924,0,-2013,1436,-262,-163,-662,-985,-1395,-2,48,-314,-86,-65,60,183
925,925,0,-2013,1436,-262,-163,-662,-985,-1395,-2,48,-314,-86,-65,60,183
926,926,0,-2013,1436,-262,-163,-662,-985,-1395,-2,48,-314,-86,-65,60,183
927,927,0,-2013,1436,-262,-163,-662,-985,-1395,-2,48,-314,-86,-65,60,183
928,928,0,-2013,1436,-262,-163,-662,-985,-1395,-2,48,-314,-86,-65,60,183
929,929,0,-2013,1436,-262,-163,-662,-985,-1395,-2,48,-314,-86,-65,60,183
930,930,0,-2013,1436,-262,-163,-662,-985,-1395,-2,48,-314,-86,-65,60,183
931,931,0,-2013,1436,-262,-163,-662,-985,-1395,-2,48,-314,-86,-65,60,183
932,932,0,-2013,1436,-262,-163,-662,-985,-1395,-2,48,-314,-86,-65,60,183
933,933,0,-2013,1436,-262,-163,-662,-985,-1395,-2,48,-314,-86,-65,60,183
934,934,0,-2013,1436,-262,-163,-662,-985,-1395,-2,48,-314,-86,-65,60,183
935,935,0,-2013,1436,-262,-163,-662,-985,-1395,-2,48,-314,-86,-65,60,183
936,936,0,-2013,1436,-262,-163,-662,-985,-1395,-2,48,-314,-86,-65,60,183
937,937,0,-2013,1436,-262,-163,-662,-985,-1395,-2,48,-314,-86,-65,60,183
938,938,0,-2013,1436,-262,-163,-662,-985,-1395,-2,48,-314,-86,-65,60,183
939,939,0,-2013,1436,-262,-163,-662,-985,-1395,-2,48,-314,-86,-65,60,183
940,940,0,-2013,1436,-262,-163,-662,-985,-1395,-2,48,-314,-86,-65,60,183
941,941,0,-2013,1436,-262,-163,-662,-985,-1395,-2,48,-314,-86,-65,60,183
942,942,0,-2013,1436,-262,-163,-662,-985,-1395,-2,48,-314,-86,-65,60,183
943,943,0,-2013,1436,-262,-163,-662,-985,-1395,-2,48,-314,-86,-65,60,183
944,944,0,-2013,1436,-262,-163,-662,-985,-1395,-2,48,-314,-86,-65,60,183
945,945,0,-2013,1436,-262,-163,-662,-985,-1395,-2,48,-314,-86,-65,60,183
946,946,0,-2013,1436,-262,-163,-662,-985,-1395,-2,48,-314,-86,-65,60,183
947,947,0,-2013,1436,-262,-163,-662,-985,-1395,-2,48,-314,-86,-65,60,183
948,948,0,-2013,1436,-262,-163,-662,-985,-1395,-2,48,-314,-86,-65,60,183
949,949,0,-2013,1436,-262,-163,-662,-985,-1395,-2,48,-314,-86,-65,60,183
950,950,0,-2013,1436,-262,-163,-662,-985,-1395,-2,48,-314,-86,-65,60,183
951,951,0,-2013,1436,-262,-163,-662,-985,-1395,-2,48,-314,-86,-65,60,183
952,952,0,-2013,1436,-262,-163,-662,-985,-1395,-2,48,-314,-86,-65,60,183
953,953,0,-2013,1436,-262,-163,-662,-985,-1395,-2,48,-314,-86,-65,60,183
954,954,0,-2013,1436,-262,-163,-662,-985,-1395,-2,48,-314,-86,-65,60,183
955,955,0,-2013,1436,-262,-163,-662,-985,-1395,-2,48,-314,-86,-65,60,183
956,956,0,-2013,1436,-262,-163,-662,-985,-1395,-2,48,-314,-86,-65,60,183
957,957,0,-2013,1436,-262,-163,-662,-985,-1395,-2,48,-314,-86,-65,60,183
958,958,0,-2013,1436,-262,-163,-662,-985,-1395,-2,48,-314,-86,-65,60,183
959,959,0,-2013,1436,-262,-163,-662,-985,-1395,-2,48,-314,-86,-65,60,183
960,960,0,-2013,1436,-262,-163,-662,-985,-1395,-2,48,-314,-86,-65,60,183
961,961,0,-2013,1436,-262,-163,-662,-985,-1395,-2,48,-314,-86,-65,60,183
962,962,0,-2013,1436,-262,-163,-662,-985,-1395,-2,48,-314,-86,-65,60,183
963,963,0,-2013,1436,-262,-163,-662,-985,-1395,-2,48,-314,-86,-65,60,183
964,964,0,-2013,1436,-262,-163,-662,-985,-1395,-2,48,-314,-86,-65,60,183
965,965,0,-2013,1436,-262,-163,-662,-985,-1395,-2,48,-314,-86,-65,60,183
966,966,0,-2013,1436,-262,-163,-662,-985,-1395,-2,48,-314,-86,-65,60,183
967,967,0,-2013,1436,-262,-163,-662,-985,-1395,-2,48,-314,-86,-65,60,183
968,968,0,-2013,1436,-262,-163,-662,-985,-1395,-2,48,-314,-86,-65,60,183
969,969,0,-2013,1436,-262,-163,-662,-985,-1395,-2,48,-314,-86,-65,60,183
970,970,0,-2013,1436,-262,-163,-662,-985,-1395,-2,48,-314,-86,-65,60,183
971,971,0,-2013,1436,-262,-163,-662,-985,-1395,-2,48,-314,-86,-65,60,183
972,972,0,-2013,1436,-262,-163,-662,-985,-1395,-2,48,-314,-86,-65,60,183
973,973,0,-2013,1436,-262,-163,-662,-985,-1395,-2,48,-314,-86,-65,60,183
974,974,0,-2013,1436,-262,-163,-662,-985,-1395,-2,48,-314,-86,-65,60,183
975,975,0,-2013,1436,-262,-163,-662,-985,-1395,-2,48,-314,-86,-65,60,183
976,976,0,-2013,1436,-262,-163,-662,-985,-1395,-2,48,-314,-86,-65,60,183
977,977,0,-2013,1436,-262,-163,-662,-985,-1395,-2,48,-314,-86,-65,60,183
978,978,0,-2013,1436,-262,-163,-662,-985,-1395,-2,48,-314,-86,-65,60,183
979,979,0,-2013,1436,-262,-163,-662,-985,-1395,-2,48,-314,-86,-65,60,183
980,980,0,-2013,1436,-262,-163,-662,-985,-1395,-2,48,-314,-86,-65,60,183
981,981,0,-2013,1436,-262,-163,-662,-985,-1395,-2,48,-314,-86,-65,60,183
982,982,0,-2013,1436,-262,-163,-662,-985,-1395,-2,48,-314,-86,-65,60,183
983,983,0,-2013,1436,-262,-163,-662,-985,-1395,-2,48,-314,-86,-65,60,183
984,984,0,-2013,1436,-262,-163,-662,-985,-1395,-2,48,-314,-86,-65,60,183
985,985,0,-2013,1436,-262,-163,-662,-985,-1395,-2,48,-314,-86,-65,60,183
986,986,0,-2013,1436,-262,-163,-662,-985,-1395,-2,48,-314,-86,-65,60,183
987,987,0,-2013,1436,-262,-163,-662,-985,-1395,-2,48,-314,-86,-65,60,183
988,988,0,-2013,1436,-262,-163,-662,-985,-1395,-2,48,-314,-86,-65,60,183
989,989,0,-2013,1436,-262,-163,-662,-985,-1395,-2,48,-314,-86,-65,60,183
990,990,0,-2013,1436,-262,-163,-662,-985,-1395,-2,48,-314,-86,-65,60,183
991,991,0,-2013,1436,-262,-163,-662,-985,-1395,-2,48,-314,-86,-65,60,183
992,992,0,-2013,1436,-262,-163,-662,-985,-1395,-2,48,-314,-86,-65,60,183
993,993,0,-2013,1436,-262,-163,-662,-985,-1395,-2,48,-314,-86,-65,60,183
994,994,0,-2013,1436,-262,-163,-662,-985,-1395,-2,48,-314,-86,-65,60,183
995,995,0,-2013,1436,-262,-163,-662,-985,-1395,-2,48,-314,-86,-65,60,183
996,996,0,-2013,1436,-262,-163,-662,-985,-1395,-2,48,-314,-86,-65,60,183
997,997,0,-2013,1436,-262,-163,-662,-985,-1395,-2,48,-314,-86,-65,60,183
998,998,0,-2013,1436,-262,-163,-662,-985,-1395,-2,48,-314,-86,-65,60,183
999,999,0,-2013,1436,-262,-163,-662,-985,-1395,-2,48,-314,-86,-65,60,183
1000,1000,0,-2013,1436,-262,-163,-662,-985,-1395,-2,48,-314,-86,-65,60,183
1001,1001,0,-2013,1436,-262,-163,-662,-985,-1395,-2,48,-314,-86,-65,60,183
1002,1002,0,-2013,1436,-262,-163,-662,-985,-1395,-2,48,-314,-86,-65,60,183
1003,1003,0,-2013,1436,-262,-163,-662,-985,-1395,-2,48,-314,-86,-65,60,183
1004,1004,0,-2013,1436,-262,-163,-662,-985,-1395,-2,48,-314,-86,-65,60,183
1005,1005,0,-2013,1436,-262,-163,-662,-985,-1395,-2,48,-314,-86,-65,60,183
1006,1006,0,-2013,1436,-262,-163,-662,-985,-1395,-2,48,-314,-86,-65,60,183
1007,1007,0,-2013,1436,-262,-163,-662,-985,-1395,-2,48,-314,-86,-65,60,183
1008,1008,0,-2013,1436,-262,-163,-662,-985,-1395,-2,48,-314,-86,-65,60,183
1009,1009,0,-2013,1436,-262,-163,-662,-985,-1395,-2,48,-314,-86,-65,60,183
1010,1010,0,-2013,1436,-262,-163,-662,-985,-1395,-2,48,-314,-86,-65,60,183
1011,1011,0,-2013,1436,-262,-163,-662,-985,-1395,-2,48,-314,-86,-65,60,183
1012,1012,0,-2013,1436,-262,-163,-662,-985,-1395,-2,48,-314,-86,-65,60,183
1013,1013,0,-2013,1436,-262,-163,-662,-985,-1395,-2,48,-314,-86,-65,60,183
1014,1014,0,-2013,1436,-262,-163,-662,-985,-1395,-2,48,-314,-86,-65,60,183
1015,1015,0,-2013,1436,-262,-163,-662,-985,-1395,-2,48,-314,-86,-65,60,183
1016,1016,0,-2013,1436,-262,-163,-662,-985,-1395,-2,48,-314,-86,-65,60,183
1017,1017,0,-2013,1436,-262,-163,-662,-985,-1395,-2,48,-314,-86,-65,60,183
1018,1018,0,-2013,1436,-262,-163,-662,-985,-1395,-2,48,-314,-86,-65,60,183
1019,1019,0,-2013,1436,-262,-163,-662,-985,-1395,-2,48,-314,-86,-65,60,183
1020,1020,0,-2013,1436,-262,-163,-662,-985,-1395,-2,48,-314,-86,-65,60,183
1021,1021,0,-2013,1436,-262,-163,-662,-985,-1395,-2,48,-314,-86,-65,60,183
1022,1022,0,-2013,1436,-262,-163,-662,-985,-1395,-2,48,-314,-86,-65,60,183
1023,1023,0,-2013,1436,-262,-163,-662,-985,-1395,-2,48,-314,-86,-65,60,183
